key,value
XwVPJbjSqBueskNeesxkuMVktLHXhcriXlWDwKgWVBmkwXOusjjiggCmcLVpWFrG,mTrOvGXwEuTowCuItXPRXjCtaZNZCZByFPRkwJsYMtgogeLZzaORGAqnSrSGarPVfOuGZuJUTEathkZUqBbeEKStudwFkchgoBJLWpGcCpgzyhbaLuBdSPCNWfOZIwMZQECXwRIMYUWHzzWJxgWrFVPtxVNWIEPtGUpvFZLxgRnNEiLYFuRlicyKvdoMYGBKaQIYECSbpuKPpirFFjmskZNGYZqbaWqKLxtlpwjRZytMkXErHDSFXmOpsXHyFdEUEgkzjlcSFyufKwXFEyoHINTbMWyqDeawLQxvqgfSZLON
cafwKPrgYsnlmieZpTScVkQNtdYwOsBYMjhseCNUjrhwjABJtZhxzLJOfmuEFisF,CvJdrvrBMMztisTiqcESfgCoUtuEziyXuvSTGqoFuaTbueWcdnGcpwbmoVhsdZdzZZVLvbzUPNQguRXfRtNmTOkXTSWFtPwHUUSComvUdltxVuVdtOtvieBMCkQrXCJyjKFHwoVYIccwcTvdbtrlJlNCiNdRIDWvVeKDWSTQKABnThiUVlWVGWcoFUKnwsAPUxvxjkCKBKAYjLSkWAQHTEmnKxErZpjiiLVYKYkGGDSREfUIsEPgarJNesWYhOpEWPnzwFDARiHeiyAshlAKBQTmCwPOUYmSkLjGdcRdjdID
FvAqycufsPwGSppDHwApNMNLJqLfwuLGsYnsfGJtajjZvFPkgSLUBBlcPLadVDQy,DbLfxnoaBGgOjZRSIpzLfXHFmcjZdkVwYiNJfOvjeBcwyBOvHfalLcTTbSyVoPmMvgqbfqmNUpqpWIzzXesxFssAYQQNXmtpbsUzKmsPJqPXoCUUZEErwIMcnDVLAptfzvvttcRzEMbQKpoakYmmzHDjXHQbOhOKzMfpDlfLWmjKhUWneVMYjcFlAHCZnsBAobxlVLicInnbIhmirsXatCnrJBQYkUDRnyJQIaPJBijMZnnLxJCYlrimxhqRWsYMbZSpMeiNoPqwMuRnkVDiFYmvkYJcilqscWptiKwALBVj
wUOUHEDaApCbBClwyYNNCdNEiHdYztQODCFyGKuevpmXouICLkpFCgJFbhFchDBl,UKCiTqAevdduGxxUSKbHsdedffLqhkmPvVXWzvwISkNCSOaHBmTtqYOIqZWkZblhNvSXPPGvcxfFlCKQenmkqtyzMLhsXlFHazPgYgrfdNXGPSptNCmaqVCRGxpaDxXgdTerYTnqsjtcuvBGYyXiKjNsOnYXjhpyEfhbLcaeNdZNdLVLayQioRuemsCCPkppXwbxTNSLmHCcztKLlQubwlgBvNhGrkYJxJfvwUmPCSKNPPPtveBuLdoXWyxLhglraKTNrlgiMewwygADWoOKDmrCWDzJPekmkJnNRmjVRTpW
oYZaKabaggSPxkzGUIoQMtuvsNBFRvYczBhuzFxAfnHJwPQbwoFGgldquVanHqRC,CaTCHdfjylBdCfiQAjiAVXJqVmTImUuWdfsEGLgGIcFSkIlimnIbSRtGjJSWRsyTYlaUsVaaDnwqWstidYmzeVVVcftNbdpQOSDptvTjpukDPDTCHkPPfoJBmtwDdCYcfNSrVcvRvXdHWPrKiGrykeSVouLmYhSYiKuFacNsgnMFiwTrIDruFIlOwjUZFTBwHuSETAhahbAWYqLluZvuwZgviswyYMLsOqHMBMumaKMIbGGDJwjwHoTcQeBGmhLRuppDrJEWCQQsgzfeeTFAwfnaHHsigxjXOzZbeBWBahhs
wKTpwmBCmUkOaWFsXDZAiQBitRomFkawYzAseGAYpDXwnRMAYaxakxciPDmAmtmD,viEGJnBItOMSbnZvhVTKLEKuHrvPGpCnLsDlytZZDJjuuTidBztrcTWnDldhLwKMjBSLwcSgcJoNIFnAwfJzbjpxLEJcDgdyMxwmYuQhPaoatyzSZHerfqJJhPiMoNccvwozEIpoEvqVMMcUsciVNSKRiSAoxOpKuryFDsrozuYqoXtzfhJvEHolcBUMOBiNpccbdRsRdxoYcfRvlRVJLpNEGVdtKKtIkbgkMhOlmWKhECyqMBnzYTqiJWskHoFsAjDRYQhKEBdNfnLKXCaWhHlpCqMPPnqqIhCfuSyPSNFc
gRTptlYKgdSyxpanseansRUOBQqsPzHfthYZMaSdgpOnBGAPrgcNOSIkmdbPWSVZ,mCJrCesfssMVXEaeQbZdnzJKxTCsRxwDKpLbqvYkyjxixCpBTpDqphKpNPEqBhEFpRETZeYHAEqUVDxGsawepHsuPeYnnQdcyXrLHEayEWSlBohlluSbKvNyccFUpadNkyAGSiOCjpvNcCnXViSzyNCBCbaiTMdwLlWGiBpIGavILdNVKNAgFvOjkYFcgqIKpaSJjtvSFPCuwjkABTjXciuGcRYWBNFQHCkFcrtlKVPlCrOMJPpirQKNbfIwLVUaUrIeUQNrRaXVmzLQZOnezGcrPYJoEkhDTpyUaWGabaWR
nbhLroCKbpvxzKwuRraztDokkMKvJDiMHQtGGfgrElaaegRfWzfjfZdYULoEcjCX,uhjRoYiGKMZCLdeVMklbOmUayUjGMuWIpbfPTSADlCSQnrtDhCGBVYxqJsJRAcIzqhFikXBqBigzoaUuhEhlACykrUJNwDsgnNTkNBEAtDgaweyYonRzFMKwksxftpzgVEWhaPtIFLmyQFeTZORcqthqPcezUPSJHlJnlPoipiugIkJSfQUwYPrJdjdJroFeRcTuKLxExBDwzzioronAInIBHHUnvtcdpuEwrYnjSQKNvLpdZzbzlZGPfGWHkdaEHXjFNMgsRDPRXlidUbHsRaKOoRXKumEdAIiFztpNDJOx
lCJfOWERRYyGxXeyCKPBKmdOZuwcsOHRuCVgFDWbdfqlROgSYmfJUkJRhrImKTfn,YPlLDmBjYTTHlbvEKmyLBholZRauVkUaimWLvWKueKMKCocsIiFNFUSTorZdlQpuDtvRDxZXgTWhEpcZEnSyeodEBKPEQTWnxFnUtZlcakaRlYVHcQXXCCwTpckxsJvIAIhtZFEbuYVlaTmNTsFdUvoPruWMWFnjTFEEQoVmSHnwatGRmRMQcxNhirdVELGkkBwQuiSXyuboTYfMrCezAdOGbemGSUvQlqYcgsOHYqUbUAFWrUtXPQGKyWftgLKzznIADCawHvDdKUdGYIMOpHrokVRcxkBdXNqWtwgFirnP
nBOQMpoNfqqPFqQbHpgNgkOZkULUUzQYovpduYXByjEnLxLysGHDcPvoeBDxGvtb,MqiQlnzYlRqMIchUYeYnKWssPNkjtKNmQYWPSsNfQlsJtWGcDArfrkePnCDUlpYqZvWosSWJMEmlqjjxvrWyxZsQMwThELnowIvABUEfCBnpwykupnzGHNkmiULpFrJUawiZClyGkoVRfOpGLbsLekhJriSTCiDLWqUwWtivDpjWzuyyKKSqCvblGmMVaejjvOFDzUTbFfTOEsGoftchIqsQNBzotXzEwAzGefwHAlOhlZQOsuxVfPtkaPvUwtJgMSJjkfYHDekhreZISAVXKchGfTvUGbzNoVBXvTFWjhBo
AthbCCgyBSvccOeTGQHbYvKqmfCbAPESlEYhLbCfAPtkYUKImpOcihtmeVFbVsgq,xsQRddZUejLQdmFmCWRSNbLPxCeBbYVDcLNhGsCVuepenXZfQtnxbkHFvWRmoIjfQKiiSsMGnAbyAQaCpZPnRCEolHjvypAkkEcNvRXXyRvnOdJaMOmrSVGYlmeOhZFzdQGyQUQUUzbVKOmEWLQLLCAcpORkklnCEddbxGAltVhgyTBEBBTxiyoJbgDbLTljzKosvPnWlwaAbIqZjzTFkyrAzxkVkiOGTnbKZCrmSlwBgseAEYssQZIiDvuFMRSwcjKLJPhqdbxPCCMuEOXnzfnsHKfoFiGMHxTLcIbCbfnO
pAnpBmlxJeQpEKFcJAzhSPuOCmVyZKvVMZixLtjzbfpLmKvomzFdlAwdcpOTjdlc,VaQSzQPMswFggQOFWQfZWTPQQuwdGMvAysVTwvKYbnEBhmnlzMEpfdiOldAOBfWfXbBxQkecPyqmapvhzLmlARFMzqLKkklTTbycqYCKnTXiYlSTUErsIknUzhgMfqdmqcWvXJmdXdLbzZAtdVCtheBcoJrYEOboIvUowAFUnHftoVEIpLPirnCgMPkjjbohcmaOlUNDICmfItCQBfWWqUAKTvXmqhJGwSBBWQKjGGVXCmXmjEaNDUNuyjcGqPMbcMsRlWMigrbdGnUsdFSzHmKSeBnimSUbtBPDXDpRJwbF
bVhBZOcHlLxepGCfQozohMDSpmECbCVHAQxDsFvoYLOUfoxCVAOprccTFJPIEyKd,FdlVmhMNMbrtOBnrjqLDwETUSxJLjqGcyyHZfyYcRImmLEUjQaolJmmdyvZvEFuPihpIaxdRMEQBuIieVxRgwADKClBUhOPAUfmsRMLBTEjKYKpLkKPkjxRSCmOiSPWiYijPkmgMgYTIsuaQWDjWAQjGESDFvcxePttlNkSwOUunOfgNFaLUATBTwomsGFivsZLdwxYgIYcFhdhICEcmkmGzFMcniOGjLiGeFIBunhrwfwDvpOSDFRxuLRMLiBwQqxBprsFpFHgbKZzIgfGERbGjEkiwuYkIsozeyAksJtLb
fKOiivbwmwteNPEjKgFdLPQkPuAfDbzwGfmzvllXdYpIKsYORkEEquBcjQUUGYuR,JAmSOURwSSKtfpgrDdwYTYWSpJCqVgMKbKCZFUZAnitxWhDAKViNslzOGLRQPAwiHIyflFtaBUWnWwbiwnKMLXmFWhctJMhyxGOAREPiysufEzzlVhrUQnfguioYTBtYlRmizbSQBQmxNXJCrtHEaBRtBWwYBrPGzyypjNQVDpwHECQZqtsoLuJdpCltpTdlmsPyzLsFeccYcUmGpbELCipHeOuGuvxBNmsYlVZOfIGrZldAlRVCMhKtryKmJtYTTSVfmPPFLkrVNkqfxaCJtLjOkFDoMHYPDuGtQpZzUPci
EtwivnuCZhzEcJtXvQBCnfCkKXpcooVukbrmXFACQQyuVbRJqwTcYdpHQXJIrItf,BOEjYWkTOOxSFXveVVSMZMJBOhFxIxwiZQIrywBxIRhvVCnQWKWuXBUaMbLvnMgHnWTkabLbynACrIpPyhQxiYQAEYivbmoGVsrfQBoDUeYVyFuzrZwJzCIXsmKiezPHnFHINjAhTXlPxFZPXHEpWqSQUWNVBfXTLvfXSRRyVDPTjOeYONKKGZcwcWPitNGNPyKVuGyeyeOnHTtrQKGhnxNWblVkabibUzdgfvjkEKkQUJOuPyqqIQuLpdiGTLAqKofkkElcnnNStTLunBZNtSIsGUoElPkgVzRyTNBYcICv
vnoAbmYIzePdaMQBJNpzRMcdXoygEkekXkliVFsvLCEaKsNunJKIKVtCXwrCVnat,GfFIWBQjleSqJIhNuVVFcfEgeSHdnjBhNGSGcSUieExUYCmMtGxCDfFFTjoZjiyYWPuexImVPwxizSmzqpfGEbkTbybALHMkGKqKoszUSXJFfhMaedxxJlXkQJRcEZlLIehmMefPhEvzuAUQiNXxZqvRzNnbSVuWGexwFgSKuMiOUcIxRPZcggSdDaQXGWYqfhXNYltVzXXslfafXqGuwgXjCkrnENoMWZTLpnVVkWrPUdRlIvnsJBtAyDWHxyDynaWJqeuObJEhbOpdfTTeevoWxcbQRSSzcXEzRSfnpjUE
iWHPDtBFCLghsiGZRnGGkhmSVQWjToNlnGBQxoauAVniokeNLdLVeEDOPSOqkUqu,GHXrRXvHFFeokwfnpeiAtodHobFnGtCMJySXEuuSSvikfWyMqmkcyiyePafVcuHRRGKWwLrDSqgZpVSEwsWAVNZguCsHDZstpLdtIuxScEeZTxmYeaVBzIGmKVTEddGmYRzCuVVNWdQrxDsrUOBuBVLfoRzDjzohOBVNWHTPHpOJgacHMicdLYitHogZebMPJcmQMVjbeVOZxNhyZwvKjcaOvrnXciVVBhbHREEoGRxCeXipelhVFJFviJiqNAJZHaTnzJqbutwGhKjRCLfUnCQNWHcftAGQsvyVVTwieXou
oAhsoetLsZyXFRRGpGeXOiuyPsOKdzXypUMYAjJxSOEcGHhRRiyZaRTiPUVjbaZM,PZBfCiiZuiAyShNNhaEOtLUpLewBvWZFkItilNFgCLJGNPOGRrVgSbTFmNzRzRmimvipUIyXbgCrhPBSiVnZlIRkzvireOXfJoyqQGBeCbhMBmxPfoiIKdwSdbmvZaxoEXDVnNyZesWUmHrDQgPDpweDkTeRNdjEuKpwgvuqSGaPUVzHNizgTZiylQVkDJYxKryYyrsYOopgOiUvXJCRzyXFWXHwkrlVdVgxlVfuIfAsobUepJXSJAvKtbdqkBkAqqODCbISbvgbqroJRVbIeMpawZehmXXaRaxMjCVtMbbE
aSBViZuiiuycGkCfELIxmqxvmmzGdoxYUvaiMvWbBnRjrlCChwKKsdzZyvuOgjyy,AsdUtmFzSBrFMVRdIWvdtSdcFoKjZuYCBPPlSSFPRdmazlwCCVnryAZPnkmVdeYkeFajsgcuwLioZfIJdbhTWmrJpYhCcbFzSjNPPWJXqiulKieqWyxmLhDBApdUlHbimWOiiowyDgjAiNvnYHPSexfIjfvWFywTNluBYkqsVFvKKAsTWKYxFZwjRaJFANSxiNdxHnqIWmKIRJqGjnsrHpuPXjAsFqWZACMTKVSUjAWWKXRKLUCdFqYxFfJJLeYKJjLvDaaxIwMiWWSwaqmnbdIKjTbnOvryCPLfKcvLQBPm
xELtTtNFllNoovyzfPilwQwldbwCGgUcBVSAAyyOdOviuNatScNMOJfaEbgEEZQb,WVXphNfmnyrYjqsEgLjbtJIwIWvwdjCkruBdTOnLXDutKlGoryIgkjxNWGMnDiiTHRwbnhXFuriIGIoesOuroCArzsVeCHOGwLhKtViiHCRTjvsxDRHuehQEbesUCKMxAZgqTcOgYfZbyNOmTOYYaLjoBiMIRjudixneqFzAvojZzvkwFWTKBykorWxkvaUAVVjsoXpQqXBfCzipHfuASUOUHXZOUEEsmSMgDMttrmGPwDbZKOqLMcQnlSBjztRKhlqowYtNUFDVBjiyTOKkyEitkMwfIwLjmznwsIIjzbwh
OZqDrYBsdByLvfCNaQwzuwPmxoWIaoJNgJYpCentoNdCVOOgRCNcCwlVXchQMFKH,BTHURroXxNzjdgTAXHcSSDMmuxJlkiAMhcbcdlOxFzNISssEDYDZSpwcCRuKPMHbZQcgykgdvzhltSUrrxnnpoUahjYTBUvagateROeVbJYVyZyRCUPieEGUTefdtwcMzELQupehXOeLruqinXyIySuNKXbCYeInEyTYtrWLZqpmKMottVHmnykwALhEUqaByTxyncxvRFdMYEecKltlBncGHTimuBhuLdoHbCvMYUrUjmKXrxntJuaecNYlQeZrkphYvfkxScHYhWmPRcJjoJVEvdSLBsfpPPBkxbFBcKsf
fEnjWHTsEtTvNKyTBNCGKHRsNANUvessaSQRYVzURzpMzsqAbfcvdHqRuYmbDEZs,CjAhOGvkvxkpSwyJIfrYOdEydwRWzWChirHfNLlBjZtgfYnIAbsJhcjublQhAQZoFrgkSEtybfaZjtaoiuMUafqrDpxUsOsAbiUpoiFRjnJjaqosQYWlhuMFgDsbNnMdIKPaDZWCgyNcWuqGGQCQWgFWbaCGrAswBJcBrHrcnRMIivpduGedkLoVhTeWqzeLAIajHOAKqmVcxJXxbLKPDydbQLOMRCqvALtWhUTJswyYVcgvongvXAhkynAGdlwaVGnlSAZnoOVsnMXZvWaCwGixyFIuWMdcmsXMmXSohtxB
qyjywPmplmXBfVBmkRWiKrioFdZZYjlXAyPuLKeVhrJxNauwWvrzhajoBInOSTdv,BshThcinxhBcmuRGUiBIHRnTxJWXktrKakqgxvCRYdtKrqPAUqgLRqiEHoRjwovdynfSAcASncuvZfYOCgBUrwSHrCuGMXYCJNVpMTKWgDeNlgzIPOcnAlDAgVDGtQzXaBgfgTjJwzKdLTGasqsONdDszzgMpRsoGlEDiwsgwWJYQhhSagHwuaMhUHSznllCKuLPdFVMQalzaFBGdvcyKHHBmiVFUgAFHwhXoaMsByJYflZFsPedpZvmdVnIfOLPLGOKNzKRODdmPWiGfqiNtZfXWsoLhbSzbfLBjnVjnamY
GBBoOgVtqvGYXetLjexOmLVmlASosXGhhRBpFHbELWStpAdDZrBVgSSizrFckLpN,TEIuOSgylUvibNXkyRzlYfCotHcqWkUlxNOlzfxexOZKKFzLthdhcGXToHRJtLYdLGYJonHSelEGqIxekfsBVldKMJAUefCycIwTePXhesBrXjleYqfaHtyUWqOXLGNCFqsMAPZcjxqukMcRLYynqbpdDoAYkBeUaQeYhPBUNaHIRXkDgosRtVzJzEkNrvGoSkWSFOoDMfMkQlXjTuThvMGXFJYunAlnZUJeWjTOBYvAmXnAAaQpxhINTXrfhQsgafvYdSoSnJjGOTZZnTcHyQNWvAyryhoGDtPAkdnVmGdj
MAKbPKgMZUfUKzuTsTMrlvFKoeZzBAsYylISmMJnSveSbXHkkZlfLlGFyLoWAzxB,yJWSLXZlqgQpDQSDLLtGrnPHimBZuWlqDsqWHPldhORVLAkwysUCOJcNAGRlzqPgoAGdAXDrdWGMptEanjJzLbeNjoxYKsuEsuAQDxrjULcGrfKPZAMNUzWyFlscoHRXnPuejgdXEbkVBfvhflIlBbgbtkLiaPnyeWmQYCSBySwwLaqPfMiNrCXXTEtloRxbHeidffQBcZGsrzhTJxMuHSMxCsLdJHvvuwDLGNMUcfufrrhdPStNwceaZgIJVchEEVHPZwbycFMjMBFplnDvUQpewtoeOnbaVuOMGBvZhSNE
HVtpjAmQApJkEcKnsSFpcDxvGjIUQYjsgyalphvmlqZNhygEzLhqSIHjxeKEriQg,GNwaThRJuUgnwoqKdFdrjesuFwBXMRNKhgPsHPQCtUFiVSAKBUQbOKJvDcvsBQzwYJunRoLEAyajaXujRllziYJDIhSESTniJEEERXkHNvTMsSZlcXXlUFBTarCvuzKWqznjThqLyKJVcQLcLEOxuBzDjDJSdbjrfkqDSFsaARrqowvCsQbOTNjoDiFbqxTiGlahEZcMNCfavywRFLuSJrOVXzoTcnpAlRVwmNtfMkIoCAcZxumUTNrZKOqMlanXaPlaPMtjIxBFElQNeJvKcGWYOdQgbcbEATMwDkqpeURJ
wxbpdnkqUVUkKPrzJDltphBmGSVyXgBAnUfXCZrjYHuLGTODwmTQwQVkFWsLkHFF,wUrkyITtzBbIsMRojCgwYmVHfDJNgTEZKvLqDQZjgdGRHUMPXuVnzCQudcMtxXMUPwumXwraQAhjlWWlyFrOjSMJkHqvkXfTMwERorUxyFlGaXDtMpGEemPuzrIrJMQdQmOGeMyWCtktbEusdSUZzwwPuxUnkmhXTcqrbFwxHspToeObxOSQmoKgFmPjfvMkHPobrOPyrBxnygXezTKzotNwcYboNJlORvQZLviIZcVEPkEhSUzIFvvwSZtWEjkbZaBchFdvAdNZLqoQsgNhXunsGZHcLhpYoVxxowrMuaFX
cEClbWWydvuckoXdUYyishpyFmJhdDzGRPndqJiLBBYgHvXJMrCrsEQdyyNuXFqs,MnNWjhPBWxeParKWEnUChmrtjcJFEbUcZJuGRrFxkZPGkRswulZTHNpQqNkfJvrxGiCeYCDiohCcqPjYXktjHZzCIbnPQOYwrPDBfhbvotddrNRIWyhjYlbNNwYcRWZCHiPbccbpofaSDHQdCHBRAjhCZziSIOOYodYliheioanPuUCKYHlOHIkynRfiRzRazOBkQguFSjtormynbvOedYsmDDdTXGPAliroNKMQdbMNyuZDxdRfUMqWMxszlSQUjIqbUeyAJRhgmLJYVEaYcgkOsUfipoKGcRzLFjCHISpK
UQQGIukpADtijtXVkcGylBVCYcAKMcarfeNPPSYYizRNiCqCzLMmgcZLUdEKcBEm,rXAMUccBhyDuUaMuMGNgKJDADeOwuwtjMSJcOvnzEybvzOPsqeOzMLDSsnglAqZJxxNdYwLDodqPBDxNRegTspMoHQlkSGvGQwYSMPiiptKZxDOPQfPOUecLxSLReMXVYCJyhCScobTzctqQJRWlEHvkNCNEMJlkIJzCLcjhIIRusYxYesCZzOIhegPIZophOncKRhvpAQbdBxcRljfeLbtoBaMErOqTjPTBSEztzplONZPJUvtUosdOGilmbctJfvTGbMwqXgSVOsZFsUbFkbRmjQkzyqWkbQbFUlOLvexf
yboOmLzucchAdFqESeZyMCURFSjfCPPUPOQVztScblbZHTQyRVqMlNHGtznEwGdL,hcdLCSkrXcriOWpNepoplyTKABkeWImjmOgoXsjfaXTUsedlkFqopoOpZLFDqhnhtXkXlxgOZcQOsWSpgxanSSfGDrDSRqoMcGqtliPCMYMTAMvdsCOuaDYYCsgafIHeummVkiwESDRYWitUJPRSPHhbWrasPxPeBNqdVmQHCVzSGsNHBBdvCisigwdesgFlPybxdrdEOjcjhGknGDpVRmgblvfrrzLhldVVAgpDJOVAuYVUhFjOUudFIOCPkzbLkhknvbneRTitIOtkbsazVXOwjjVHfSuEFLWPUKvQssCE
xxLcvyJHCBqWSKDwwcEskzQjuEFdFAbcVgZJdQvnTorkEmQGPZNVnFyqsAxFIHmi,plQZIdnlptQviwAueLPNkCRIDYofZHQgQwzJfbBlPgjyOuPKKTOmWtvnOOCevOGwGhBSXCGyFjdutxcTBtcAzEdUjOdBkteSaeseevqONFVtaNGHBBlSjMMFaDlSdrTkxfJcxsIuFvgAIqGfWVCTqjXsBHsYdriwTQtogLcTghFMEhZvZgmtcBgqZMUAFNbRrlpLPrtXRTnHUIKQjWCVoGsHRSBOnSjJGNCsQuMFCcRKkyQaKrMzMWoEfKHtSYAlkEDwQbXFSQpNmZISIdWQInHldLScYwADvHfVhMtnwWCJ
kkHyoRvIDbtFFAWHMfUYYoSYooMnQXQsHJQaimpgymFhLBMeHRxgKxpWuQGhwdJM,PwPHCQtXsauWrwephcTKmrtVIyiLAExignXuClOjjyfyswQwgGXlAzXUzNjiRPIkXUgwaMYMiWIHBkawDRjxwQEBkcYcTlBLwVjyUaXqSLEnZXPsmiLiAucDAgNUecAFQwVJXYUYpUcTVolrUNPBARJEfXsFHAFChWRLDqhkGvJYiodGDLFUKrteMcSgIPBCKoADOdxBUBNttBVpniSNLZJqmLqFvedKFhhGwCJdoVDMISINMNxHXkeKVHQbCyhHSNOskaqFsJFTgvOOcmCVQZqYJlONnVVsJLmQHQEeCGJE
GrEPUvSTYfTrOrHeVynEsydHDHvkmOtnUTaaislwGLLcrRfeYfVOyBbpEEaZhCJK,nQDFCsbmxlfeSHgwQDvKUAiWhQTPtolMhcvZAsUYhCeTnIUZnLVZyGSfLmbNUWnGuWFWgVNsGtwoHvOEEaEmgkeDDHPFEKICNYXbjhdlVXpczArDVBxNTsKNnNNLRAmpbutmEwTlgnfcmubBgyDviksLghQLZAzjgCTVAaDqRAWQfOFYNgAMULvAVhnfcIdYgrLGuCuAjKJLqpMxervQYFHtmwUJBGlKQlhqQvJKImDxxuYftqGDOPGibJBFsrTjXnPEsshoQMLWwxgwrVHpIHirzRpJpntAWtrsQuMrpSUe
yoRLwciCvEiBKEinCTAkwWMzsTrpydrECKAAbUpRsHEreREmYpuQngmJgIVXFocD,TImYsjDmyRSPvkTzlzcNMRCKdhHuAFffwTSXkvptUZKMjzsRzOcNJdOLTrvmEhpuLYeUKzvKOCmaMhoMgKGApstexaLdYffErVKxcJJscADHPjFpWCEdIpyiPrPXTuwDocjYtmWROhutxRSxPEvoEKnIebMsqNRnPCjjbshPkOLBLYPxfAZREPcoOaSSuilKMhnbvVwMggJfIlTXQWAZcNTrvDqBfYuCktkxpHlWclrhCXMlaOASTykYHeWFNMVnOnDmAXbMtcCjVdvyrhGbeNwZsOOimjqakQmCvcPwEDxx
zvmMrcJEPFxxAIQrTeJKcohCyFcHUeCtbYzXSFNePhOAuWXKIQBBTDdtqlOaOWqV,PGuUZxTpRSgjCtUqBOooqERBxFaywnwkvyuTHXQutSidSIozrWeAJuQxSyvgXZEonpkMEvQwMtYySjOfPgGWkYgdKUxeAaKizWVWyYCZpDqGWSzRIGjxsQgahYwLZHPmEPrXbsCidJtQDzYWsVieQhkHERdRkEMxWgECJvckvqDAFGCUuuVKFoUOzRGFzgTcEHLRIuuEAeMGOebKeuDPBGgTSamHJJHpylMTfeyaYxECACfEKNUgsxhIuiFeKluvbpiQrICYyougatWWFNkkJDHslmbSCgTFvfnhKdWODDMp
IDtePddKTeAqTgJYcPJSGhyuxeAQtRZvzuWsaccsyrZwEBOiuQZSNeWJjoRSVeRv,TBWnhwAjkNmEygSJBeeqiuTFYHfVGmlNycSWbsApCgsXecojRcTLzaiiiJPEgQuBSOyBiLfkmYJJqFzsBiDzcBjTQaJOmkmqRCsbIIZbwEmIXXPhkuVJlmVFDNbwAMyeLyWMDYpPZdlrqyiaMpAdaYpHrDwIfCBTbiwQKDpUxyuGxHxowPToNUkcxaqGziFEWMBNlHekUvpGHTbizQbmNZxWZiPnsqyPxetzNyGCRHhLSuLkOerhGjOiiJzRWvSNnBTzvHYmrVRSzNbULHEvRCWPVCrKPMwJirbeiESNjffE
YoBbdEVgqkaVeVocUBZmCkqfXGFdBolrBWzcVDzLAlDgwKBhsSrlPpRtcibywRac,LGhRyfqlgohOVUuAEYeMIDivXEqCFzdeVXxvSiPbWAjAauBTBLZmgsqGhOLHvPUHvcdHVCIuFOOnAPknNkLIWgnOSkkvVBQOBRhDbSonZCVugGuFiBCNFnSTwSNSztHcNkaNcRSKeoXcyPjBqXdMPavlxIdEedesFjbfCdyTiwhgPhxblQYUdppLDFTOUFYkoeZGDzUoWxxhLKdFBPAKFsgsqOQbKaZwbHAMJTEKxNQQxRBAXlTkbHPxTgzVZNoPREDBkQKhLmpxoaMSwVnuLCQhXjXvLHKRlBWOxELJmpER
aOYBObChBPwQeFnjIBwymRVMorAhxKWRrLtiotDwaREaeDlEkFUHAjHscghgrrJD,hwfVrLETmmsYLiXQkqzZKbyYRKsmBZueCpHuvxMJJumVGPBIEMlhNIcwrcgKfovqnxmVZunaBqsqVCgYLMxkBZsmnFiNlTJwEOfXWKbAmNChOBLybQjohtsbexlfgNYkNwTEfftlhZjTwpgIrzXeUSPTwmzXkErhESzhbaZHIviWLBuMXBOxsjdcxXzWRFzOLbYSxFtWPASoeuUtiHldhuieWRSKgVhtFfiwwjSapzDlBvWakRYphNvPZrKOCkniSdgUlqicZVRunAiKkjxFmfTouvOfgBsgzjKGqbceqDAG
pRGASOxhXHbahNlaENZwZqVneUysOQbwCNIAmlBVzamwBEtuYltSbqHJWGRagQeK,daAfSKmlOmggAAwbPjBXLBHjCoTFrBqFtXksUdsXwkwqCmlFJAZrbvkpeWBStyWvVCdtLUYxYDHUlApeQpfYQFKcfSblOmiUcawDdNSsrECoLLxJAEDfcOSPHAZElCVvEyKRyPQWnJailezfshLdSGXkWpzAmcoqxARWFpRPOzRtQQVinCKwiShBvoEsvYWIdiTNRUxWKUADpfkdOxwkVJKaLtKypfjJfEqRMZADvAlYwlapoKqiPFeccTJfNlTyABqYvDtDZtoRVQrzxoVPpHvwViemTPNeWWysFnwoeYsy
AXUbeHXMoTGdyJXlAytzxurbMIKyjrZUEVUswUQadvuNizDyCojAYdEtRkZhAfCP,bGpONUQQOkHOoRaWHebFpzwfXmsJKNOROLqtVapIRuzdjgYvwpYEGcmPjbxNvdqESWJhNFamiDAFZoXnJeHcnvPEsSRGjMGcRAxwQEzkKkIrkMXyqWJRMbmyYYnClZcDRxXIVckNljvPcVYmFBYZLMMFNNPPvJTxzUXVoHHFcMmqxTXtzyJzwNKtXWwjmLhbEbefqDfcEmzpGQuxGSakDjEIIzSvoXWnhQkGjUnkLljbzXjAmHCitTxMaHuuNdjIZNYNoDvRPbjFgcxFKRfSMnmPOgtHguPXXKwKTmgWIgxv
JSXCUmAJstKdIYKImRVVuwfFrHEwytwTbZjyRnYQITgIowzVJnKycRopafpGbRbH,HxAituyevoIkWIEQVAjXEYZzRysCrpQtSmjelaUqaWAUGrTXHmjNBEfnwiWkybIWVHITNFKofepFxCTvAXGngdAIGKOTLypaOYmrYnCoeMEJhldCfLpFOFeKUQqbczlAQMJxSgEkNrlgaIFHRWnwELuSdvamwNklcYPiKJvZBJurujpOwTItnWMBxPwBjbjzPVZsSZjcrGgwzyMgFdbdcJgBSLXMvXheRHMVpDoCEYcVdZAFLabpKORHghlHEjVQQEWIacpIryLwRkwryoIxrBupqtSFtpRhbeBOcJXjetNH
lriUWceRXfEejikUzhXfXQGbOpPXYjsZJAcSVKeHhtokdpfNMBJgkINjedTqoEiN,AivPMmaqwHbXTUNDZwZEMfSobXsjUCfESAyRIotcxMBkcKxZLCbkBQlJmNrolINmSRJElqnTjIysTqGEUNBCPowsvHXiUEyaHmlNWsgHLIrbLITBZYiNkefFvvDTGTELBFhmeHplSYcljnRDfFAweKSEmHywfhoIcaWhpjMsGZpJpOqMscvRbZRGoVDugOtntaJTmHqUWkjsORHrYMRgCwVpuiXkcmcLRHhNgDOPrVNuuUbhZbamKaTYVBzhsWfYgDWKGEclvBqWtdNXroXYIsuXqWOFoBiMMEafAIKGqrUL
zuTsiIWWxNylqFzBgtkZKCmgyXsIgxLoKxkufJKGTjipTLzPNPcJGGRNncJsdeeA,WUxnmrApsWhBZQKNeORKNCRaoRhplkKLAiHAvcsWeOoDYjmZetRONgnPrncGUtSrSGhWCKbFwHEKWeozMglFXzlClnUsGCmZghsljLCHICBODtZrBxegMaFloeKktWhZEtJMUXOAlBXGJpxzUeKGXtnnkxclgsDhojWWzvKJxljwTmGgMKnJHCKxZMwbbAcqeDepNHYDNsLEdcqSRqWQtadURDOqRdVEWpXgWuwvBgDsRqGhCEyEAnlOIShuFfZeSXhDMDIUZWlvuoZTwBgpSJNswbtFQiiFmxZMGJMbmZdp
HdGjztilYDOJmprjnksNIxDQhqXoYofOxvUQCoCdtNbjvkbDMtIoaySgXjZrJRFD,OFtpnGphspXDTNfzxcNKbMetAfqcOaNOVaoMxNVwEeqmUjodvfjgBukrZEmhXaFIrkLVwTDjYuKfkjIszpyvsTptIaxSUZuntmCXMxyLCFTwCZyozKwFbVOqRMGTntFkblXiwWMkdeYVwrHwNLjtbzBubLgzWacoBnETTMUDTSnVAuIeoKOCBCHNMfDFcVeschLngHmTeIDpTOTEWMrFVQOQOhwjMObWZayIwqPslsSEGqtfTTHjwpOTzDpSmJhZHsiPAaUMldlupIGnZRTfbgSXWLUmGvArUwxfUFJMettX
rdZoBNpkrzVUHmdkMUQjoNwilIGoJVvQarZmyVFkdKhucHYIWCsoQCBVjeMcWzYQ,lljfDUBTSokrBlizsxrRuzkFtOwGUWTLNzQFQAmsphEYRrpbYXaUEjCgmfkZICzLUkjlVlsSXNIomBFYblxmJRXFicvwmJZoNxujrIbDlldAOIsPunzpKvgQrAVzQpQRnWXhCTjWzNVUMwyDIqpPKlFuQpeHAApxtaBbRNlKNsoAXjotuzZFzIVUhrBUBpHGCYqLdCkvXhHHZMGGBkrhYICPpKHGyajiLfBMCtEAhqjTisBCoTMPxvBQHKYcmheHvTIgUeAYoQGKTvQRKzvtvRlKPtSiNIGAoOCtBkBvftNi
fIBXOztfrZUIUuvmsDnBfNCqflPBGgygIwdbuTOkkfSoLNfUFpcPyyKpftmoTHrE,mCzAVIgMvsXpVEPTzLuDDnapAzIPygnSkjtmDVlxbmjRAfUuqPuqEAcElBhKdeRWibGPXPgXeGPKqFbuSCYxOGcKtKGRaRxrARtkZxpqLKVQDXVJTlWQZNIOBvwBWmrVinXfnkcbFgfcJpButBiKzAxTqiJUuSYQXqNycrAVPVZFTfHcKRDVXXAodThcqttUiEAzTpPOMrveZMtYIVHFGLkFcgXApXHvIVRkjPDRrbCtZSWhpdFvzvQZIfyALarNqiJnWLUjuDYPPZyocXlmhSWJHUDeEQbFTseCYFrBOXsr
fgJfVeEgokkgcbWrAiCuYKfeJUEcEGbDlpoZQTxMPxBjHUZMVwjaipsBEKyhiWFs,WkVWODXTXcHlYXMaOIUNfjDfhTZIAFbzyfkHKMeQIQpNwoJCbuFRbapjhASnmwoBaMTnnzBiVLJwOEXfYPdNnpWwewXxrhpMZBlQyUKwTIZjPFrinctIojAMoyXJEJStEXRuNLMPzcTZVVoOOzQCkMFKpBsJokSFItzQAFYlmwGlHhbZJSNjqlSlNAsAeGVdbAeCGgsnaMosQVEcBNYwhKJHfTOoQzQhuCvZfNmewNtDqQkXtdKGCLnUwkykkLLkhGmfcMyZhnkjgOXWgqEVeIcxKEAcHYeBjiFZSYjdEUDE
wmSrRHKobGbIMOHUMYvZwUqwJkAhAJMooahqKlrxIbIRrDqSJwdTuzIhaeDxClwS,ZuHvxIPefXHGSxONbzuuOuUenbRSfVTFipaRPCZFqkbXMUHrjdCeHAjrXQMMuMTttHKdtCFWLBHkApUKIWdxkvvLzxBBftxMMoBEQfrFlstCLxAPzomkWxcbfkQaIZklNfRrRKyZJaSvLOEQouFetknxpgnAAPKRqdwurQlRBfeNiSoqEosrxtCGfhJcNFMApBYdDDWCLBNuYqrnaajmOfaDyuAQpwpfJqFooNfDNjvUktwGqTmmOoiHMfCixlMCkyFiXQLaMLwXJuETzZauJWopucUsgsExNEjQqOksFHnn
YDCODEAxHVVauDNcRXonPQhZTpUmBoSbCVCJItbPRluFAEmmGJXkjJAJwzzmaLYn,oTQjxxdJGWvfzkIfxHuiuMGCwFWiSeYGmKixJPmNwXGgLVkahAGLUPgrwGpafgUnElAPQgaYtrSwoVItzoIXKhDbcGcqlGZkaUjXSZFBMihNArJCQwfHaXHZJQzwWdYwxsCacbFbRgUnehGjwoncBUFDlkeBopxiLeLJuJnPIRUiatSUUHYeRTITOWIovnllAMjjVOOKLeLIQRjpBhSSCKvTrHfzOwrSRQldxKINwKGEaaLPlTsSZylbsSoWTmlGkmvaNoiJmYBfbzlHGxcPsqommjpRYytmXRdgCqMJAcfs
pcftFyCXrcMAtTFMzzgEbWfFSTubsEscbioHQkoYmCqXCnwhLRtELpFpArBMcpwl,ETNWQQEIRPyBGKCshQnoElExCiiBtVrCqqZLofwMaNEuoAvCGlcvcSkjpguSfPtpHIHRcPdoOOzcqpwUZRqTpfOBQPxXoWVPtCNvDPcQxhwddJDhGyVDAaugGsDUpIALSPAKGYRSxnuVHJnvpLDleKEmEKHodjviOThFKryHdpintdTLfqTVbmAJecKPxAdHsXbzLSKZseNnnHTUgEkwdZGQuTSRduwEewzGUAyMtIVUShOpeVdmzOYzWhLkmReuFwypdtcuiURBTpbRekLoMDCdJeeHeuHyQxIdQqSReBUU
pBdPumiGAxUoFBaTfuEeydkEcxxnimHVHYcIcRzbQhfYyxaflBRHrQwdWeJMgyQM,IJZvnEqUMUKyoZpGDvUIDLAFgoWJjYEDTrRtEBaPfzkqtdMMDnuLicRbAhAEtsiOLrKxEvFGAwrfnEqPNQlpskbwRiegzXYryIAxVmJsHZtVURWzSkVBzrOpoWPQUbeTkbJQzAbFjZPpIGyccttHToHJqwTGjHOPClpjCXhydmBDuOyAUNrnXxIMCDFNkJyCEhSJkuLWSBpsXTmpPjNTJWIIAIdRXWlYmloNAbwDLiZgzDBKCISXZwmfHnWKOgzuFwCiAaZgniAkTNOZlqNNMOyHNjFwAeNXXoDzShDvjWGf
pjpkFMLGtRTmBOaiKGfKeTiwQuuqKsXaXfrvxZgwYiCIwBstwWOozEPgbMFdKcXb,URvxeEpaJoPRlEdrmzjJRNSsNBmgWNnFSunisuTAchmQUBNbUPGWqmqfxLrwqITGQcWgNmHusYLTMGLbctiHppwsKnSdbJWhmtUSWhrQcuAnkcbKZkWvqqqNPfyGzEyXWeTpskbXLHYxtEhbajzuUTxqrxVKGxdoSyvytDtGTwnSBLYXKdRWPooohZukebhqEIZctCNtFynfCzytCrovpPRXtlVDgQdaCVYdbnWPrAwxvwPYnhNPMQPjMHMoyqZkfxGeIzTyiYMqkKebvHhSjehWygosxHjAKAOVEKxCAHSu
OREHYLlFTBHCuwsAMrqrrMzJJvVllIkMBqWPkuGsJyZkLLeGzKeIUGOZIMOXBdPH,xNHeEYGpsxHKFDwtvzuGAELgqzuqwPORPrXdNswoawayixckYuaIrubyKXiQZwFAhtIJTCoGJzAzHiUXNARdZVBvaFayYMPsbdpKViUwUVpQwEfucLLuJGGXPDCQhfUjSRSJfSaDeXQTUpsXWfIRafHyhRFWAdQXhyplWVCGEYwcDCIsanXCpEiPXmYnQcxDwnXSyumkNTdpubMyitLbCpJriNTrpOEzgRUNkftpmFUFLlPRlPESRpsRwNiWtVKahcAgDneRuhYRpCJovjHSvcPeyChztYyyWtAnjcVLxGOp
TRhjGHiJfTOzYhKzVFTlIhZZfZvHDcEZocCBcfErvQHOsZMLNvpGoukxsVSDFWxx,ADKBSMmrZOgwPTcfDPFgRWMiQSAzAnrpirwXqDQzwSgMbIQgDpNygMaBRhcfBsBRqDiiZWZWhkqhRvbispuoqJwciPmOQQodrsiTbFvJzUcbLGtxkZQxQhHszkRUxXBvXIdhPcZFLzPRrnyEhoyuELyWmrOgyPjpfLfslbHMvXQWvZifzERQEsrMTllCFYXcOpsIYQMavcLkykSssOTLmKayJhUYWylxPLQYUopbGXCfvwhOjRVobPHzHzNMEBQVfAzgpIwgJPkuVEHfijoDXOHnvCGxkqDoZaJFtGGnfgaK
oRQqXOZsRdZhNfmTnMqNExtCoFwJPOSItYkXTcbeGKcOpueMXPlbiCTpMRvNsCID,PabdTULBTEqEFkJOrnBTsiYrRlKSmUueIldUGJcVMcGLRzueSxBygUHqsZfDZTtjkWAXKDuGThdKCNFqORBdMnbLHakbEGVSNySxPyVFldgFevmBAaYUavAsFkPghwWXapEUQnyuKEXFHRMamdxJvRKeaIaZlcdeUUceUQBrWhZcRQQWefEwVzhkoOxeZUkbenAMtxcZwgWjrOBBuVqKTIVyKWKhgNovNizrMPnsGzOEciJiouXKlYElzvXyjxzlBaImbNQUlqLlXAPxrHYsSTVZzhodMvrwrWiJgeFtWYHO
AWDEcfrfTvRJDvPqsEEhVVKYfooyVunlPifqkcRYhnNwbXZiOmeutNXyHBsSHaqK,lGcDtDLJxfpQsoIakakJaOYMkxSxJJAZyvNDTMtwRTBzCRNYPszrETDEZPQliBUpSvvkYnexyfPgLLQFlRAHtaZXHsPzMWKHuwsQSpvRXsyUMiNdydjDxOUjBiwnQcnqxZjDwFqdmSoDvKuPsBHDHybSBgUGyDRdvpXfComYdZDQbQWLaVbmWcWZasKwuusbeXFgLeCkFKCnreQYuTBiHtSXwlamUnaLGPChGKRGYUYGlnZzrvsNOtezorErOScEffUMTNAGxsNygLhFZjeydaUOouKuVMYOEsBZmnqoKCWL
kgmOVTBRGCPQgJKWsInihIAMgxNFJDbMlQPOjlNdZHSeQhzdDaPiKQzLyXhrQSTb,PQYXliOLKMmSfjOMIOaKEhdMMVtzjQGkzbYTWNWepjKuSNTvFWuYRAbRlbPTerUiQGrUbjrnhjEWmjFeKqXbfgEUjyaSVGDFdzkGMHiCwmUHqmvyQMYrmpaFKOqizGadktoJCKfaniGxEbXEoVBxfjYHvarFztJyPuJdJPsFInOpSVLdZtzJCPDLemuoKzvVyoCOOZPhwwQAZEvWcWfNiZTZXGaLowcMzyIhHiBngVsePIPaYzWvCurciLmssGUdotEKceRnQcQAutgVwbESJciCTCcFJPXxrxLVNyJvzMTI
QYOoSFlROCwMrlLKYgnCWHijPBJRldhFkQPTXyhMgYJHTRdlpddIPwBcFYNBEidD,bdyKbDrQojbAofROMcprYFWeOOabBbWgvTKElCguHQGQDqgyLLvoGumbDHsQDSOmEyDsbOVYlEEpjkWAZdNvnPImFSKBbxzWNVNbKClrBjmQlXPxBzgOingYdtpNBNmApVevFbQRjyfXTVVTnXgRfwNayMapMeOJgAyeiRMxKTfPDShZLOreDZoPCNvUIZkGPFsBWjMOSIrkFRhLUICRKGaBVwExPvutzvZTgPZhXQsTsQKAGUEgDXbXzoZGZBOjsZSGdHVrUWPoOkLfaTWRXccmpAmDPxFdgFLfajmqruUw
XTPOOXYJWyULGRTsTIWTCTTExirebojQCSyNdAfjlUSABEhDHhMJcSjuEzzEzzkv,UQWkhfAkozzzfzAPJXWkOWvCFBukMgYkCljjTQaymKsNSaqoelyfgVbtQEKeVxDgUZZIJGNALfNSporxLcvDRrFmIjxefYfSriuZPDJCXDIiNWuudbTxMdBfljPBRFGzUzzUJXIvRWfLVBfNarfAOXZVrKUDCjCYmqIsOnhZGjrhrYFtevOWKwdznOgNzTlsAQCXxcutMTAXYkgTRrWwkzldbqShyaExMtLSnFdGfztOXWAKUVCgBYGscpACkXDuENzBRGYKFcPwsumTCXDqepOpzecrRsXjskJOCCtukgfC
IkKLBDzORQvehwiFVDZhfVWiZhJnNBvjGdzxrBIdlNvkQnJKBZCtBHmXUZwETcbx,JJLokxHWUEFEBhQYHeIPehzyrVrGynKcDGyoNfMEWHpnPYfuqrIFxAckYsFtATKGtasbdFFlWlFLvQFnNJrAeahQIDWRODsNqVLzAeVEBVNnyWNmCXNUxidzmpwQkjtlVkslSrbUnIUjzYrleWHfcOziJTTAJkuTJBcWZxtHTBAUgbStYPHHaLEjGhKxmGhJCihWBeadAqzlSLSPcwOSUMRAytznpGvsLoIvMJItsiEkgwvhivNxMFBMhRLogDKJNqrHjTownDdPkHehSUbxyhBBGZywlMjCalRYTziFTYeo
IaNLFcDbTMAhiCeoexTGMuRUKiETqqzkjePlyCudjGeLcapsKScZarWaZUlAgZhn,ozVTJVsExwfcVSvbixrjqYhDIimlrpYScWBzTSPcxbTHEqeemAwUgnrrAoxYMIfEVRERmobkJKBrIAaUshRVvUIzRTCgXjNOgAropOHSguCKJdXeeheJSsGqUhFYouJLfHvzvfuKORDFFrzYuXIipLpnvhDQgoMgsJDOoOTqaAJIkNsmQjxqrMaqJGAXMnUEkoYtXjdTcZdCOUnVRZWtuxGvqfXdkqxIYGzWVOhLVRlGIQXzyxNLtLTWciuIVthPcatySlNFSzDeuywfYfKzrKRjyTHwEhhGBefBNArKGHMn
JJpHLhhyJReHtTRFTBDGKSXuCEoWcJtCKnwiTNCgpwHJGrqROYYAEDyDOKwDOTXa,xqAyBvDsjWopydUTxnSUAzLMMMYViWKJUZcRKZMjPTlGqVrzuHldhhdzyyrpijXdTgdMjfxFnLUnKgBtmVwjSuYlSaNsjWOFjQeLYMauOEeWQxJjGkuUObvnbjggfflwPBpziREpAEmXFSVVsLFGfQpyMgmeytxBfyInqYEtDlyVwpPVdJevYKxkYGwByuqhtMGpeZAtxHPcHfshmunlscHTiFNnJrzcMuofyOJmaiBNysoVAsuQYIpWGazorkXwzTQGUDIahDXNQHqgdUoqCCxgujZzLjwKWYykzyNXBfxg
eQArWRzOlMyoCsvqbEcOhCPAYIHXXLVwqehikayZLJzmExjiFMqaxZBYEwJnkFGF,OEWHMJVrRTEnJjRgYMNvLUhNvNIYmfSBzeJFOzFovmFgvhSttaPaqvwHxjDQLBxNNpjXYAsvIoonPKcAeoCfpGLZPiuEOmkKIHzNlRJUlvguzBvZeBKiyggwAfigHBJQPjpSYULbaiZmFBeHLBcdPckuOkVMVOCgnkZRAiCpKzwSQgiNXIJtkRnhSTZfGvxBymcsdrIhxjPIcAAlELbTQpaBBbnJhOqvKwxTBJiLkNECywtSKoWujWkHorFdIQIiCXyjtLrTvANXHoaOzzLOTqNiTJSOjUiznUPWZMkgKDWe
ReREIALUoKDtFiODyfsCfsGOqdPyRdZmemecGqMgLnvqPsWjVFyRkZHMnXrddBqH,PbKnskSSsvBRfiHEuueMrDOAqPtpiwsDXXWbjeCAqophUEUBrSjrRZukPhcKgXSDeEYYRjTDbytNRulkbjzwXaXijXsPoLSydXYpDOpuAnKFhJtLOgrZAMATpLMKLfyJyhanhwddVhLwrSWKQGHzFvrJaajdZxXXUWLpNNdbXPBZKzIzPGcpXtSvWEaqLWisAayDOWIKrLduPGmWgYscMWyIXUmAjdJbYcwxGheAdcacRXyqEsnWxkiILNecQiFnGNCdibAOnUWhoJjONAHwhJKjKWRYBDAJTtxTWhySKLCp
YkFyLwjiMRKxKGKxuEvzBYZOkmdoDsVeTkVhAXuEHuOaRkgWfcHqMmzmbIDgrrxj,tGnwndOGAoVFKSGFXqyRiNceiBEfXYrDLOIeionaonqCYGiClOUznrdYUwwTjcRhDmDAuGQDQxnQDhlqqDSnYKnaaBavqSqqYOLkQXGsmJhvEfbdhCyyYTFgsDMtmEPPAWDqYUdiiRfeqjkErZUolrCTfSmBcgKRbhqRIMNFcwZffnnUmaLAZeECnpQxYodDmyCgSGmsxvZezkOSwsLslLEtFIqcIExFdjWiiMaVXSHQUkOCROBtPBbEGnCpzlqUjmEmctHnwCbLcXbVpANsBOLOWWcQWpEidZqENzUeHIkh
UhzyrJLhQlRsaUugMidkGeFKFHuOTsQhNyeHAMoxrfezHGECetnERPJBteotGXXj,RbphqqyKPcWkFBgKegRbrjwIDCPTzlvwrFyaLcpMLLuXktJqEHxbEKiOllSLIBGJqKMxBaJDKDWcaIHMWVnhJDLhSMzZBFsniSkShKBFeGqIgVZlCyDqMvpxKQgVMsctnNIexzDUoneGriLTAntMzRdinwiffSkIbAfFYGHyZVNaczSUMzvOCWuByNLETJiSSneDmRaqfyYbaXunkgxqefMFDMARiWjqZFEyWhcjpgXzTSvkKBEBYHIkAMoNadsWlCBQwdzSBgUiTlvAjFFpfMuRmmxJzMbaBqAQArlTiMKd
HjFmKtLdvCubqNhYcZlvcFqQzhNulaPIyLoIAEDIvarRrdqDzNQqQmtEwHInBkGx,IsGoarddjfFKmNRNtpmuKLZFlpspxdRgKAWJlrJoMNChYszwCIOeTjqRVHSVvKUucEdLWCtQApEikmzQGMdYKHotpgykvyoyTDEpaxCAtNhtECFGSumNoCMyrzSSpwTuqNukoNQEfijIiGAwBqYlKCOEzgUzlODYTwpSxyOAorpxOjwlmHRKKKBVMcEBAEydLKYzlqAeEGcryhWciophSRvONkXpMrzuApzvWxVZDRCOiQWuPMfGgNFnQVYHmKysnpBnXJPNDHNQaJDCOuFQHAJuARXWwSXsSacEehnJhOtj
QTSxNAXYdgbkjJvzgTSbkjVVffaOuIetePCbJSwiQvMnQVIztjxUCgfChItmymMP,EVcmbthqFcBaLXzvyUMbLBPIbzbgEukPXmfaADaXxBRYxvZgfOluHKjKPjPZAkGFYkCHJSKpMUVTLvPqZkfUbvxXRLcVjeHjSnWYfbPIWsETdTGSsLcDlmlYXawGYBrwJlZWTCxodVXofAYkgyaZJjJHtpyemlEUwUhZquPmhGIhTUwOvpcmZDZvMUISswLMKBAEAOWrxqjksJrmKGSyKdhdVUGYWQlGHihGpDqgSnBpcRPFinHYXFapqAgrDWBWGUhMRQaZxmoQDekNCmCCbDiTMsGCCYxgxIaqKEWedxGK
dbIEItGFoEPGKCUiJVLjISntMGMQvtWPFmOqGHxOnFAyVvknWOiXXXTxSgJMHveF,YHzCnTzsmllRtJFlvchaDbnYxzkeLqyacJbEuzxjnBmkDfanrYFCwdhrizLiwZkjrWLlJbFLGmdHjCnPcFnchtTxAOVEEJArfwNleBcASuXpMMkOhzxMUnAVwBTPODAGkjDTxZHpPZJDqlwqMVhSMjzsMcgQInJzCvyAGWwIfUMMcCfTNTHuoOnfpXXeIjcrWckUEeWVyFaaNoKfDTDThwXmhhjNQDDiDUcBTwqAJQwJxqfxCbbGSGGhsPNstyUiGxDSpgUmiUlIcGPxGjMxmVSmpMHkEKWDQYyKtjNUCmpp
caVBSDAeFsLllotMjMPEqPDKQizbYbLqxGhHtkxoASJsMNuaklulhgnMkJAFnLdV,RMKNjeUUehKwleGATsgfmzfeEcfBSHkaovgTvttvApNCYcIUkaRPdxvLHWLcfrDOCFqxkkcxtAgZyMUtNaWFqmqAhXQcZmCGbhjrYetbmDiahkudgebtzjjyKGWySScJruFgbbQZZjMXEhfjoKDRzimfngnacgLRwfZjKNeUulYPeodQUIgufBJhCCjldWnNSEsVvXSeEiYqiwBNTqVzqIwJuKXinpnFnLGOPZvpRpOsLYoqLptSKrGxSPDURHidYQSYmeXeDlGiYXnMyoVbjHHAiUTPNvnQmKqEiRTXtmBh
aSNHMcMcwkxpLJecjztJVAHAIwpYpfOKBtYxZIkCChyfwBPyxcvzstErWYQNDTuN,AqMPBejpgkLrSTkvTdFfABCmBcCWndOWBnXtcmYTViHqKlZfiurNshdMcHcjQhfFswdvCfhGZiWLRodTuzpwoELMoOqdypuuwMhHnRedugzxKcglvRfsjCfAuWgwmJZLqgZtRabOekUGQpNGfhRZDgvZldpDLgzbcfcAUKOwSsCoDyGRBInBZDJLgEVVtkXSEgWexzcGsZaytqtWTwSsQIEnwyyTMdtWaLteOmQUAmwbRylMfHsjdCENYckvInIvnWyLIfUUrfsfnZkFNxmQjKJDHOqWyqJaXqSOKCpZdAsZ
leWWmgmqkiLjXezyIpPgykTKnOoZrtpKzcmhDWdqgQvzHDAGSnZrvzaRQfCGvhoX,apvQWoWyyNLYUVMDhRBcrJJSBVfWISisFiKDYlBBkegJhZsuzWjVxrTVPmmUNDHKdvNfhdGAAIjpMZYEdzkNKBelcQhpnvQlqVoGErnfDuepPxmChovfWkqCquYLMgSXpmXEqCNfatXJQpWdlkjPgGIMwMSjDOYNCoNrEVaYBkPvWtmRrEFoksFdUNsxqDKMsaTDOlytizXdhADMYxNFaKYNxqzBVugyobUmSTwXQXcCUpqKZWkhnjQEOQzzvZuWJEbKubXRGWCtheLvJmbAVPGvQOKcCUacDPiznTZSoezu
vWeodmijjiWyUyjpvcEmsOplahKkEhBMAREjmVLATTzRoGYnntSeulsKREDKxumg,nKuFqdUxkwigqNEbSXYEMThAbwUzmirnSqdhfzsMceGIAExXbuNzUvwNUDPRnSrDODpYVPrQUEBQeUGlHgrTKqtCRdDorCKtJhQNGPPDOJGFOpVUOvJYIVApnWOsjsxIWmCdbwBtRqFMEccTFjTsaWiqSFLGfZbMnobYzERAdnxdYDLDBynirWwLuqqwUDsrLAByfHORzfIbBGUvFEFicOVAPXirdFvbVCXKRTPWaZWobRbcgBKhUTQvgTQRDPuHKKVMFxWNkMqHLaetSNsBvSAoabjdgZVelfDiDdxKtaSN
GvwOfyRMumqIsYzOftlGhTngkADClYodRsGjIGikSVTwAlriMHUJmAqVVVdagEPw,vlmOVDBkvyMdnPRFRBWPMXxQRiAnMAdLKzLRnRkinOrdmMcjMybxVmRaZYYaGkLKUgvlBFyuHNRUukSNhGKrtLWktigeZeuBxaXznexYISuYLioZZHRkpkmuKObzWtirDQoyIjxcvNAjBMSNiRPBKCgMVGtthdDLUlPrYvfRdVbXJorEFuobBPTPVzDcpJtOMcOlJZkEVxcehaQVPGCAnVFkHKNYWlqVMcAASxScvFUkFRWoozeuuPvcFMQyCgqfCbPeREIDJaPdTOLxEUACFhJGPHciwKRGRxPFLbzGMsWQ
dQuEnNqFeJIqUbhItnVovZZIWhlLWoRcotaHJbBmLuaPUzZdxYsxfpYXdkDDyxEN,zmVvxEztjujpWmhPNmlQVaaKKOWzCXppzFVtFxkJVFSdoiDwaIFdYrZGnoHPuhacYAKOOjrCxjnKxnoLNuqUJVFJhqkcyBDwTWtMFaJtkbQlGmRCPvgWveprudUMnSzMYAFOZMFSuKfzIQOzVxKZRrmDcLfgoUToFzpJdUHkiPpeGvUGKQUXgdiMFGUsiHdFcImKTaQCMlIuVPrelGffbiGgQRPdHzhkRnUgbtHDoovQiJprKnMspNrhUAERDDoYFfmgOrgElXxmqfafDQYzXGJcPJlKoZYHOYIKMOWTOJKa
hSmKxPvUZOtmmTSOxlakxCufGvIQPAbOpyUbhvcamKdYwJgEqzjLycffhXTSanNM,zuMRcxabSMnoJIYzTfFklolnPzsZsnegBfxCCAilnmvWlGPmEfartpJRhMmkdDbLkVMwHtxhVedSdkYcJAsArhnLJZYGofvbiKYDSahsMEDCigMZPWMbOkhlMaKAZssrAOoCpGYPQzrgKNuqDAIqiAGREfBFnYlpLAeqtROYvtVdWZTrEUdzDGUjXGkAesDCCVeiiGsPpFVbdQnAOyAYRbjnpaRPswIqfmYzcvLcAqWuGYFONHSgzGlZSWVtrVDePrjSfqUltooPnPxJjVAgOarBKxYLwuMWAMtFpLuUspUn
aDOwqBQYRsvbtFPIFgAqOeOBWvUKKzEgiSlstcWTPtAOSUlbCgnCvaogmHjMsVUw,NBNLxFftChUyJyMFsFnAvbLehFGtPrkincQzFfSdxlfXBVnUcuZSphEzybpEtyjJQNGhwjemWGQfndfuLporpjDvqSWDRhGOziXuuMicAHTEHITaQgCItmossjGtMItrIoErEnSVJnDsDMmzIzEvMwlhHyWpYUoNTzpnWnnLUUmDsBJyojDoGuKegEcbtqGAhSgeyWVCkUJqHtKFfsFGHIeuYhzKvmSWiOoUdNhjEIGJiRXjtXQIMoGGbFwQpxliQkLqFzQsGIHQpPGHQbyiNfsegXZgFpdqPPksmaQuiOxW
RwThMHXrsqgGPoPCdgMEoNhbfwIcgTplVOmZpAbwZBPMiDVzEjOaqHWtiriYcOlE,XvuMcATGRqfGyVXyBChlJZdutSVnRCjaImUiYfibmRZyMxaACzODpmZXhGCVHqtzdDBiYzZWnTOyfuIVlvSRSGNGUtvUppbxOZAVXREbTOMOKJZbegZHuJPGuBPhTytnzcMJLEgimMNJFUjMGYEkXefEdwolJzOvOrrDynFbUkgchRaURasetLCOakKDlRMEnpGKiWcTKuDxVpjDZVhgfVooIWNXCJJuaBcgPwRYnmkvjrQYJFKXhtmvGXQFGYFjRPalGyHscvWqIRFDUjxVBsTjzdVbCTrBXWNTdDlLaUFB
wFyvUjBWERXiDaOlqbuMFfNVSwPYRVlggshtIOCCwfFVTECFyDiPoUpQCXDcWtPD,hqLihDXrFTsmBViGkJjgtfruphIkJQLdogIQCJoNwIpktQIFCtFOrbkFWVslMsWkUdkuvRoAPdHNicFUhlrUfByXbPvJCGyLcuznnMNxTMpcSNebaCWxIVjTGcPZUrFMhjGeVziAHKmWtjvykoXSSjCJVApJwUjsSDjfnQYQOAxuQfGaogEYkeoZNthiDImTILTFkLuEhlzMhjeUEKGKSeabDxrkfNOdiiGnhqyJzUTRUpKIOnXPdesEQxYyApeIhdqzoTaJXiekoyllwbWYfefTYpbksNxokJlAdKqpeqDp
UkbKwJCAcxjNojToQZjumCZkVLWvrZoORcxdoJVSerIySTnwJyeFuPiIggQmqQkz,dFObrKkuiqGcMWPnNRfyKxbhEhjysATovBfxFneysCvPvoHWAzmjBvQGcGHWNVWyfRJDaCuXyXlpHAREXLFqBxosgWQgzaWJPDZbVlnagtYSJLctUslBHIoRZsqvJMGCWEzoHmzHsmHLEOHjePIPHVpJQtHHMYdyOEqpyrTbTraUvDBWHlxBOEsaTrjZNbWVCVQAwDtKwOPcbxELEmmvfOIzxYxMsfwVuZnyUVBjYVqaNnebnJHhyNVpDOYyPCWwcgazmreKJuXyPmLmSsNIOHQQjVsdfqooTHRCbXHTWejc
EREkHCLAuZSqkaEEJWiGKtsZJUbipbcJRCRaCCOeoWSOTPvYGAjvJkXPAyXKCsyB,lGybMRKNzMrEyqYMNsSFMODlfNeadpLlCCJmMWSbtBrmqijVpwBHbFGpfxKwooYGsFJBNWZvdjsCGNJaRMZzbJehWUvsGaQIAugLhuumrFLJAbFgfhEGQrFxTsaAINjfwWAntfUYwQYrbkjoaZrQNFWCTnIRMYqzumjIcnZwlTcQuzFkDHtsaWmbblwsNUdZtXKspJGevSgBgWoaLnJfhtSsjMBGiUbqirVSaLMsIPNcdTENqLVFJjcSQhVMPXiaXPfrGRdSacwClIvPOiDOBMgmbNXcdvTTXUobZMbpDjTX
DnZhNdWgcfwbWFPkXLGrfQTmNpzEGOeHwymKujfWuhdUbMwWpESTHwPmalqSMKXy,fqbhdEWFAPEyYPWLUxyhyGjHxbwdqXfhtPPFERbJckaGCvSthRmSWtJomjsGQiYDPDsUQgooIbDStkUNzEbzpLzadfiuhCaJFufcVMIUwAFVFRCPzzkQJcRrQrmRkOMzcTJUluOoyzKjroICcbyeQxzpyuOHAvjUZOxJIkNnMooSoBeJJAjUVhiAANdhvMguscdLvNeZiEHBIHIweNIRNNhlUntwNLgfSwAQHSecvfIwBJqPIoJRicbabVJHXjcTzonoNHXnXFFjYVjMTaulYcUGunRZPnbTiZhImSozJSpT
yDzpSFPjOCFPnAQmLulDZbZwZfxtGCzJolPDmLHrkCkXQEDWXPCZZYZFRotDUQyJ,KcZvdUvHtSFQhUYBWJjwnojhnNCrzYpvqAzdaNxtKNtmonesGAiBmMfYLmsNaNNRizUbvGjCwucIPlOwyUOnyCjhFBqGMtMXOiiNnNThnxzLsacVvcDsGpjcfTVSZtNOAMGUesAKGlCyudmSFCzcDEdQHOzMtHTtGpsagvnKTxrCJFUxLrbeAnWAufjwCBkeIbSclsnsHRhiMitshasWgrYAHlvmlJoKFqUQRzlHDEGcSudCSmyigdbeWWaIPUpVkPcIXupCrWxheGUCHJdzhSyHCJuNKskllreNBSpEwgkI
aLAsOZLcbRlHmxyowlWTWjPdOSflNfioUTskbFyNBAETuKMLTGGeKaTQtYCKupaP,XjATASLLolPpsjTMYJXzicBHxIItmrvgkMuXyPiMEiURdKTyyhrkGIyiaKnFLjfSsBgXDsSodwhZixyTkdhuUEaxRQJqtEyGgGsSKvWbitIzArlgSTgqnnefutPHiNyGbPqqTKkPzFBRqIoMygmhYWdAJgGJPZwGcqMvMFniQDxTodgWjTMbYdUApSIjakwFqXBxAvRJlZivfdrIZQHjwtFPwHcmMzbsprWEcostbEBAbPGpTgGlpQpvaaYChvZqbryRCOfvABUhMuPyzkTMXsrgnfriwjGDhciVLCLEkDdK
PIQJIeDrxxbxJPeibKuQJiyJSnrDjZBzTkdlMnVMBJHAEthitsFLgenmYIFczABR,LmYcwAFHFmHjAaBRQuROquEtQfghLCniNPlsBdhbyezAzYkjzDYCOOElkVTvdPMXxviAkxkaTVxsAzPwnmVwuhNImZShAtmaXhQyMPlNSTAgfkePivHBHdfqGXkVNyzjUGfWvkRRThMRFouJQQhAVyUGVBGPBSEAFQhHYmGUkMTZZRDnrILZnhzYpDTqjUaqngdBsBNPAaNAguWkVZEVOGbYqatgJDofwuXUhJWlZgSOoEmFBxTvPKsOEhFAjbAyCIuOWOZkyWEYZprqDmjrEiVRFjbCoddGTZYzVPjoeMLu
BXEbmgvubdxXPhLqbBjXZiUolungkVZiarcwmvNeQSbMUGFtrWqEfggynIoIjUcd,UhEZbCmlmGrPBJJSljGTELXXJDjFHUritVamwHyGitlKPiOYyKooTCYakgUlBiEFKRDyBHkVVmFGmIZmpJbuGnATvbCpTVpnnhVwcRJAPtzMOOCoktQVyGifIjgtNQLpJBpWyTVjyNVEQCyFbfaJVjxZOPmyJFGqENgJbMdvyfJqCdIWmHmNlENybWQDoPqonnzJRndbmnMDEoqEmUXdQbIkytusnqmJZcPagbGOTJxXGIeycSPDBAXRNtlhPurqGIeUtNPmqMBkyHXANqaaYUTLkJqeFftAawNKAbqwCJXh
jbUpQFGWEznSsCclUPfiwPYyBMKoJMJZosyemFZeUkzaHHwkSGSwgLggYnyuvcLn,azbnKeAyBLGSDVMUwIwkTdRXDSvRasWMsPlaPdDQmtoGUbKgCyeusqAPPBHmMWazwNjcfbDJgMeHMRVLnuqgCfzdQLZQEanfhMOWvdOkXgYvrFGtDWwJPhnAGDECfuNUfgJaWKKkFpBbtySiZbAxAuUhTMpteoymopJkjkXjqMuKPFbXpgjKjSBehJOkrUzhcSNLXcLAGFbjtfaaUTBMHQRccfBFXNZdYpDawUDJEvQMOeGHmKAvIyzetMFjGeVVoCdUWUwONrVwozrhFPTrwNlhmLCWHPLugHxRNEMMiKjT
isbIQMLdhxHRwVueoBxUElSqnvJOggCunyWbHlNomhhNklnKIrAuijAkNzuUoGOw,StpJQtvfZNwNLmBTkluJTLjHDjWcuXCysUUTaRtVRTphCnYUfWOyLOGkGhxEsBYKydfdzcDMgRVSqoyAiDyeiMoiWfkJwMzKyhrpUZKWAOmxLDCFanGRoRmjaZdqIUqkMTADSfPkgvtUdLipIRivallEzLqEqBmxXZLkyzfqkttoZAtqBVNVBOjuypifPOQHUydqKboISDAhIXJTfZZKlRfwsQyGIjvAVYqRIlpkNthftARoTFcuVOfjAISWcMgwgMjthEcmSqLVThuisevmJNZZrnfCyyEnZgUCeuASzheR
LGlzaEwxyfIDjFvZLVbenjFRUjyYFeecqKTIxtxNfAVlmJJeygcYASpGgxqEruXQ,xqSiANIlvEMMeGEbDhFhxKXHzRfjXZjKMqeIQtIwgSfVAoyEhQwOvqMZTKriyQbmlHayIDoZIGxoJiuToyYaqMQFduOvllhbXlunqJxGQMbVamaySVDTSBcxakVTweyZhxYilMhMgeyYgdmqlfoGyXPfTkQKItgotmMnkPpbMdtOptRCqZHepWtiLTHbEkOJQTRcZxIPXhFXPKMPoBGKCPZcFukKBtheFJyLWSOROOvChxbfqlyEOMdjIgBNeoaMHpLoJggdhWPnFsrPgqpejmljRSFEmtiZdrSGpLqmDDUs
JZBRakWyuSHVAPHAKgeOByXYZzhizVCISzIgQZfsiaSxRmbpxnTkyoOwZNNtkbcx,vyRvxDuGvWzimIZihKyuVgyLvNyHjIksNALPsoaoSVOOSSerQhLOobeVbKyKBBwgZvdCTajSbfMuGZIEYckrvwlhJddxzgpnUZStGOUbsZGuKhgOOUGVrrqHNXkOZVLdIDRRkmdpRlWExkgqGlzTRmVUwBcxPTBDtIwYJgTbNkAtteMRFwvzyvlFdPqQtXsfUudOIofSApFNhZceFdoCeMbOWHzykVRLplIHLnKofNnpdEJStOmEWBQIuBZxaAeVIAQrZgEXwjfxOjOIuPmRCVsbRtjCBiVBZhFuiBJquSUl
mabsbEDayhRDOLoZBmJhfTTdsVtEFIbuGaRwwvoCSQgifPVCJFyxckbfyOUPrDKJ,KEwNqMSavExDJXouoafERysEMOeccEjgxtodYswIpeBFPqEilemOfdNfTfGZwPtEGWcawQvvIRnHtPjzLTmBqzqFbLHtpkpDRqCIoovNWGQkkNUSsJjjurkFDFCOBRCkxRieYskRxxKtTKbUHGBPOGdNNvHQAkgJXHtPStYqcIyRvGAmQmcNMYsLAfTOLkPllYUYXfLwwEOJfddTdRbwKpwObzXFJcSbCwGQITbWnSDGMOuYZRNMMMnTTMNaqAeofggURogPjaIAMeBabWkPFSKGSbTPshwIejEZJEnlpxXZ
tMJAOpSfujhSlVhZpfaZRLCCwZmXnqASCxnbcmYzOxVIaYbafbxUTYRZTqOumhWK,xkvYEpTlbLTTocWEHkgzjEtggDEMJnJYazAglObRPEXviXLhzQzGgDYaAVdZVrcejjaxZYXEjZvUrxPmIZTmsjxOdcIzQxOWodEGuIDbRwQyqZbrMcnYlqnBOJMzWSoWwgZfzKhjsfttyUsWzyUArdKCEQAGkEDMMhuYZwGddKyttCOItZUZlFXvHgjMlVAleoBpFpOdjlNRlWCxoSFFbJbOHvEAJjxqdohoQRXSyftPmaYWAgYNWxiqPBLFPnKkMFarxUPdEhSogUNkBJcWEgVPTsWMwHNBqEqWkstSkZcv
qEuLGoMWuBVScBmViMeOTsfnIxGRAlHMGRdyoHwbWFXhwEPPLngkXuvTqxnZNBvZ,ewZNfehvkJSWZExNCfvrnimvxCzqSZEgoyuWVEMaWNOrVSKBfWNgKhpeCXvgKavmyJiYkvKLMKMqQucwtcAyVyhQOABjvWfSWESZxsCNmyAutGbAOjzYhQouTstmdtZsSVRlxHKyXqULDOYOCLGmcSWWEtkFzWqaxCRCVFBdOlQPVhJahZCwNwWqaviGntGYNWMEvYpdLgqfvwuNcTVrAtwfuoPOqEIVgKNuxIBhGpBEhZjZKYilICVjgcOUOcuBEPPEoSInevqHBRZRsnCEsaSglOJOPWRfKutEPcCncGgQ
pDRWGGHcjWXmhvtvSBavPcvTrISnutKqDRAEuysARrElYPNwBvuvowXelvqRRTRz,PLIxJmfQvWRuwkXpLMDsGAZebjUTUzJBHGWVxxPuAkdVlmeKmAgoFeDxFBxSXqAEzIjnmwEzsNrYJdzxCXqTlubnYlggRepYHAKTwxqGuLzXdvkIScvuOsFtQIDrcrSEiCxsSuIqOvvlRognLSJmhFUXxMKkSVBhlPxYuIaHzbJGNxQQTZHkbBtVWHJXKKfphBdUrdifNvpQlaiChfYZRbbNHCgkPfOIdhWTqlfqJhmTnbqHYSKAieRALqQWAHnIkvysDOSMnFvWnWqepNtnumSYwmwKDpaotMNbdKHAPZHf
ilqTAnAKcxqsmWPdpGAByGuwnYQdcctmNRocTQpGtWOkhTguUIbTTEyZrFsEOaWp,bYFkbWMWzVvVCUPZKNuWxpYHEuZYnloNpyFnukuygEKDGIBexDijabuNJSkCfaDdBUFPxTwNLlIdGAAIMqtAIhWZrzhFLCVMlJQDiLzfPZMFLvxxbAjpUmHHqXUMPuiiyUutSIgmtKJCevEOVhGjuzZEMaKPXtEcNMuvLQGcgOLtlDgGOIcpaaXppwtMcEFmVvcxLFOesNKeKNSpNNTcMLVSmmYtbdZBNFoQPCvVlwEwOhsAByqSNeyFggoKfaoVkMPcXOWaEvMwujrvttygZfPlQLBYGTYbcmnenSGArtEq
BZZmjYiQnDemPjARMZbGGJMKosgouxPHCiZKnBaZQEgkTPiojsuHjFSAlcCHIYoA,cxCdsaEtFjTDJnQfDVtnhSTbLkjBnHoHkoCQpvftlvCgmFJHWInGKEhxfbKGdIhOkbPdhbXckOzoXOhMlHrOxVeAyBCHQCOfRChAmAFGJOJYVJbAlWzyDRcaasNZryqFgXMYYbyUeMfiabzanKpAxLDyRtqZXOIyJXxfCWBkonhHFatISHOpJmkyqpNhcPGxBztzhJmoKmfIlnLJdtLZzXmAPZahLjxhXQPeybaUHbOvPwOvUSQjjOPJPGiEqTmlLYGTYZEYDiAtLjXAREjfsExgiBRoOVWOQQRYlwTFLNXh
NGWAcPZGciQbReKjfszvZcfkHfpVwOZBxEhHsuipmwLIFnsGyGdtPIqOVGvwmWYT,ctjCMHnaUMmDtoNnQGUUWDJtuoaquPVFLuZnCYObXvGDPWcnClhiNVIErLxMCsonhbIrWoRVDHXWgWJbAxAvQQEcQpUoFrWjqGsTqxoLttuaaDqwTNrxvclYXXoOmrbsySEJqKBcDTDHRdUnzWxxbTnXKxOKtQfZBmpqUwBpVGbUOydjUBmzrlddHwpGutesdcmFkTEpJDoLWrEHLajymgQMldkTZilruahwLUDwzJaYumODszGlqVInQLVmbigmJTLyoEStEtSSRRupPkIQGMqKJMmCJvEtvuDhLpdMEWDl
yFOKQGuNxqHcbIdnRQLKEvuVgCUagrqIEFtovdQFzzCnVUfUZcXoDdzBqzPuzQnt,iWDflSjgILxSRgfwomWHWvjiZLfvPXzGoqIMiXqdHPvYLnaHXjbveUNjIVNOmAQudVwoevUBTFRUgMDIBGZBJaFzccQshNvwziHoCRuDHxsgKblENbVpEKNWbDmjPtnvgFgwfrnpulVQEiaJuOhsHonGbWjqriWcsSHIpoAIsEiPucxbxdyMvdlMQPLsqdrywVlkQoBEteZFHxGzPDTXvIjOiWDEaxHizfDdLSJTjcGWDObQNVidKomWivrGjYwUtbmmHrXObSFugiBDmXxuzAMNFSNgDSwJchphFxdPsKbi
gjULIjoXabuuSHRGkssitCzjMRGnOgIuFLEiNmVkLeBTqORSZYByyTuzBrmhMrJl,EifHnuxJCyZPMxCtTuRqfnssflcyjppuyyFpGKCbhJAPPKOVcutQpiAUCEhAToCPFXboAVliQPVCzeHNQgsRVMssxqORaLOrHbSdlEMLpuItBfSQXwTsBTUTWHEkHqTzkZcoLHdBhyfQNzfwsOQJedMdqfvcQpWFdFIMoYhaedyNJeysaeYaYvFfUNVcLgVxcCNPbupuOcgQLYYWUdkEWPYwjmaUXxAXPJGJgACgEglCLNGiBBPvfEKJKJbzPqlNCEHEplAJAyZpstaiSFdWFTWGDNeJRHbIwxBmpRVnKoll
bYvZptawFCWMbpoNSlQWtrMBDKhQLKzHYECNxtEUAcweRohEnzUFEHLffthcRCbQ,bmkELbUtkkyJvWnlnjfcXmSgqDMMzNnNfyieuMosldnIRVdLBzuTBMxcZNNCMYFFYMsYtRPABtrJUvWBQVWchZhLxvYvIZgVpwTtiEGYFQDKfADoCgGQCKHTyHRaNTKUnCkHrAOypJrjAlOMIbfMxoWXfKOcukUNwCHqQFAyHLQdEfYMrNXsUGDfyWsYVUPgEhWIJQhatZkCAlZSuZkrSOaPiyVjevrpzXSLRcrqJYPpLLMgJGkRCYeqYyxfsCSfDlxMLnzGtQQxGjGDZrcCpWliDRwldpjxMxwlNwrlntUe
