id,label1,label2,label3
DgpPCIDJDhsvZJvWgcZMmKwzvMoDAWNB,AsdeNeZDpVUaZqIZIsQX,XvFpozzbjPSKrscGNLGU,rbCwstyXiZmfFdwJeBvD
DgpPCIDJDhsvZJvWgcZMmKwzvMoDAWNB,wgwdSqtRSLoedYBhCLjv,MeQdZNcyNxUdPRDsjPCX,TKldPILfNMNyTMdwUpGn
DgpPCIDJDhsvZJvWgcZMmKwzvMoDAWNB,NnShrpFFmRvvQJQJOOqS,gipeJMwvBtPhRjxIcTcg,TRfnHtPcOPckwqGfootn
DgpPCIDJDhsvZJvWgcZMmKwzvMoDAWNB,hdlOIhbPzRgHLzpYaWpr,LcJIzXzLcAutAitsyAjb,eeoZqVnqKEhsKUQgvWAu
DgpPCIDJDhsvZJvWgcZMmKwzvMoDAWNB,MobXayBPNiyXviSoqDnJ,TJgSkkQQWmYMTmPqdFJZ,sOsAugFHEnKagQylDdCE
ruLWHJrmPbAAhGfvdfgALZmujupFgDcS,gMKQpIEXxWoRzoPLmgxc,dJrEpiRFewvPddpyjrfC,JMGCRiWVXxYXPZxtzffu
ruLWHJrmPbAAhGfvdfgALZmujupFgDcS,DjqcWSCEpedZffMwbBhZ,KgxiJrpPpkqMoCtYwjKK,zUHwTmeNGCoWQoZPfFna
ruLWHJrmPbAAhGfvdfgALZmujupFgDcS,HwiXMSiOuNbZoBEEOHEU,kaVQyPKatfHFUsFNwHwV,lEudilRFlHsoXxCCehig
ruLWHJrmPbAAhGfvdfgALZmujupFgDcS,sionCTGHyDxUniyVtNgA,ZXVHMDAaUgqXfIXAVDpA,aBhUShOhMBCsTeQfkDwB
ruLWHJrmPbAAhGfvdfgALZmujupFgDcS,vEmvZksMgEODVGnDTYfH,itiWtDzJkuyUjMchmrGt,uFAoOIZcClBytfhAdVNG
GgsnZCEABMXooxnTPxhLjLzizdTABzbp,wVQLNaXaMMrzSeXvtgSh,egvNnmESTrHgnnRAhOBd,HjmnWEViWuSNtSZnUePk
GgsnZCEABMXooxnTPxhLjLzizdTABzbp,RhQgZAKkGEOqQxCbeLpW,KIFSFvbWLbgiRHwPwPJp,OdTDaVNQOjpVPbSZazkY
GgsnZCEABMXooxnTPxhLjLzizdTABzbp,ycGknzsoEWZgNpNWvhdq,ZhmDvHMaMOiAnCfnliSD,NjVLgxfIaKVXEORgBzGR
GgsnZCEABMXooxnTPxhLjLzizdTABzbp,qIrxKSDZlRNDnXRFQVtE,liFVYzLGLANqbidQWnpq,GAejhHMnnLqttVYTCXIV
GgsnZCEABMXooxnTPxhLjLzizdTABzbp,XvkTaFQAdYicKQnNYpSQ,VdJbYiLZOAFOGqAZkVWa,DxTtRvYiLECSIUlwcgRq
FLjebEEnbEPaMoRhlfxpCOCXrCcJKMnn,lkAoTKHHHMaSzbhHtzRN,CXWNebHwTAnwmHqttnai,dumKsuZaxeBZHazLoYba
FLjebEEnbEPaMoRhlfxpCOCXrCcJKMnn,YUOpBedSRGNcafGrbpyP,QjiYpNQzEXjRfJlOmHIK,THmEHeiCwNQsLTdTjqTI
FLjebEEnbEPaMoRhlfxpCOCXrCcJKMnn,aooFStnkvoPRemlGdBjU,mCUtpPJIzGpzDEvWawgU,eKKXFeptSudnxwBzXiXL
FLjebEEnbEPaMoRhlfxpCOCXrCcJKMnn,mhkOeRBJenneHMCkFJTm,IQzSVnmbqWibzNmrPquU,hzYExZHaslBfELBoWxsb
FLjebEEnbEPaMoRhlfxpCOCXrCcJKMnn,SIvAxDJKSQxvrCRMEFHo,LVofYFKjtbuEKrwSOxtQ,mtvGErERGsHsGMWvCtLx
vLXZFKCidjxKSaPyAeXSeDzGcOMRcBMj,BzrafUQavcWsyBwmnFcI,mSWaHTEvgUlegSWZmVEL,FKYWoSxxIKRkEPipRsVf
vLXZFKCidjxKSaPyAeXSeDzGcOMRcBMj,XmhQsxdODcCKiBtrsdsI,HrZRRpzBZJBouRsJfnwW,FCBwqZQokLKzjQeZFbUm
vLXZFKCidjxKSaPyAeXSeDzGcOMRcBMj,TEjQrddnLytHfWSfEEAm,wDQjMdpTycVSsedvYjDm,bKJuGbaIHwXNdgmfJrRb
vLXZFKCidjxKSaPyAeXSeDzGcOMRcBMj,NnKPIABIgycbTlPotonU,cgAIcpjMAyIDveNmUFoc,FuieRdYyFZDTUYUazRRu
vLXZFKCidjxKSaPyAeXSeDzGcOMRcBMj,RZZuEAFFXIvcrxbHCseI,wyDRqNeHEeaVVVYwkMkp,KrHdcqdUOAVBjdWRiXTO
diWtaSHoOvKRDcVYOyyDSMKhjKAGrskc,akOrTABHWsJAcIDFfLyt,VnAOfYcexbNvoSYZelna,eLNYhGQHxHsVxzUFnOZL
diWtaSHoOvKRDcVYOyyDSMKhjKAGrskc,QykpjWtuTmidehgFGYHK,SGJtDfGgCYBmABxiLYgm,uSqhTvARTIrHLKKQObki
diWtaSHoOvKRDcVYOyyDSMKhjKAGrskc,MeQxeajMcXXYujhwfouy,IIihvbqvpxqGbtqXouxk,WuPALpwEvAXtllmtZeCD
diWtaSHoOvKRDcVYOyyDSMKhjKAGrskc,ICOgVnJLukHuYLJhjbQA,pCfbJiymRbEnBKSDMeJT,bwtmxOqEyLuBlYDXVZLH
diWtaSHoOvKRDcVYOyyDSMKhjKAGrskc,DFJjVZEpKKHhfSPZxygi,wOFyPWYXvgiCYuggtpvi,mUlHbfXqEHLgwPZbMSDd
MHuGJiJxBLzkpOWJvOpcwpFRsNpXivpI,zWbknVuPGeQRijmKKdMm,vIguycrjUwDQwcZmQQZL,NixWQRJwrxASQaqjWrIv
MHuGJiJxBLzkpOWJvOpcwpFRsNpXivpI,CwRLyAHEldGtcWiePDtZ,cPDAimstqfWkuTpLJzJD,zrqvwUbNeiNnAaJwEwmv
MHuGJiJxBLzkpOWJvOpcwpFRsNpXivpI,VoSyUgbaEFXpibajoUoF,LbtKKbhPgiPUXjpAMItt,DquPEHAZheMvVqqFqTis
MHuGJiJxBLzkpOWJvOpcwpFRsNpXivpI,RTgGhQRxrapUpftvNClx,CjPcvlxNslNjCSwHwwqX,bMGJgiYZXLzQVcPHWjse
MHuGJiJxBLzkpOWJvOpcwpFRsNpXivpI,ivYmdcIsvaDGehANaQzn,jXzYidONnELDKwsSwiuq,ESKjXZDMpmOcRsZIBAhY
ziINrrviMvwtgtvRZfmsZnYSZGypPlWX,MDaSWPqLMxULogTPXfAl,NNXxZNcONMbUVBkYdVni,ESAYlnnsrhVnAlDQEBuu
ziINrrviMvwtgtvRZfmsZnYSZGypPlWX,oYYHotHykoqWPhowCgLB,HMYHyTwMqYVaKKWwbxPd,racKxreRQSkYpGhTFdzu
ziINrrviMvwtgtvRZfmsZnYSZGypPlWX,yAJwSsRRKOTcSgkithbG,TKPxkBycqVhZgNSPnYjD,YlWlHTDbQTGZwqArVeYo
ziINrrviMvwtgtvRZfmsZnYSZGypPlWX,ediTiCBhtXvoNsOSvAtH,FHyXKfgnnyUlmhEJGVpb,pZcSXRWtdFPEXbJjhLYg
ziINrrviMvwtgtvRZfmsZnYSZGypPlWX,kDrkFapyGexXJZznehbH,AUIvGNkDtsABXMTlijnl,yZEfeelPzfVnyWHNjKaq
ESCwUtyLMAaOxsCFOebMSRVMsKxJzHDr,AmKgqBpMiGFSbHauvkML,LyPVCuGGzYDRqmjawZBG,pdafgyAuexkDZkjBDDpv
ESCwUtyLMAaOxsCFOebMSRVMsKxJzHDr,uDcDyGtusIZiCkcjRcIs,fOjqvBPKDfLQycMyFXBZ,RkdygiPpXTpoQUEVFVYP
ESCwUtyLMAaOxsCFOebMSRVMsKxJzHDr,bjGknpTiidkuisOKEyZY,OIwszRpGeADwuOuFkANB,VJaXyCPQpxwjSevVLRDd
ESCwUtyLMAaOxsCFOebMSRVMsKxJzHDr,LjrVWjBAOjAStGkATdYG,pSNLpqnGxLXWiDcKmddV,izAjCFGmJginmvidzyVo
ESCwUtyLMAaOxsCFOebMSRVMsKxJzHDr,GZzsUryWfYzhmZlCiIMT,uZcmqeXvXJLlWhIDogaK,ctSTnkHfSWWwEqQPihKQ
yYffJwtEkBDYPPAnTNpVsBZSJeszRUYY,yOxiyMdOkXcqiPbMcLmo,oaeScrVGEsrxfiTdjfjR,bWMLihIlJCPhgMLhUpKP
yYffJwtEkBDYPPAnTNpVsBZSJeszRUYY,jzoeWbQhBIsIwHetmaMy,LlEYFNGRZCVkhPphJtUp,QPzjrgQEcADZHlEUESGR
yYffJwtEkBDYPPAnTNpVsBZSJeszRUYY,bLhHNnDmQUKoDKymaVGf,AcDIjRADbyPENpzbvbbH,jsyrInneoXbsBmqcGcun
yYffJwtEkBDYPPAnTNpVsBZSJeszRUYY,bEcvBVKmKvFEzBPPnvHB,fdYhSMYhbORMcZVGtIeh,YCoLiVVFiPCrCAkxopJa
yYffJwtEkBDYPPAnTNpVsBZSJeszRUYY,dNabuOqDVcQeiwOpURlR,RWXUkaNSlUjLihFGtAQC,cQUqJnysSNMPWJLNlIZR
ozvENhPXRdEQInqYZOKUJWMvmrungjJy,tzfLzkVgZkBHUrpiYpsA,dkNDQHxviZCGoDYWbPAd,QlaozYoMAxYnynJBSmiB
ozvENhPXRdEQInqYZOKUJWMvmrungjJy,vgkjdbqcFTXKDbVLWaWQ,btKPvNowtweGisLHsLZx,obUgNRsqUshNhjINaZwh
ozvENhPXRdEQInqYZOKUJWMvmrungjJy,QOwRVMWEQdTzMQRDhXbL,hgeKGyDKRNJFJMlbSrTq,xvBVIRkjvgxWZFfvztRt
ozvENhPXRdEQInqYZOKUJWMvmrungjJy,IPaNJmRoUpZIDkevBTmC,kMAoNjsFlzYjrECSlqBL,qJBBECuEiunWozwfMlsy
ozvENhPXRdEQInqYZOKUJWMvmrungjJy,UGvIcmEDIidSNNRuwgID,ONaWeuCefBBZtrSIGhEb,NCiPLNEvuoAkxVvDYicA
nGduYbbuVFeTqlPGZpEUUiQtsCUpMNYd,DsuIDaXLKSNuPeROFWgx,tdFCDWkJvbuLNagDMmQT,fhjkRMjZsVGcCrfCspee
nGduYbbuVFeTqlPGZpEUUiQtsCUpMNYd,dbWoQThkJUKEtNdYCfAg,izVfoXsNoVfYyvkTrsel,TyhZXnQWwmpjLCDIXAgr
nGduYbbuVFeTqlPGZpEUUiQtsCUpMNYd,MiPvWkixQDavFHhgvmJc,awZZnOAMrDippEvJwZhD,JsywkpnBubhrxcLApxBH
nGduYbbuVFeTqlPGZpEUUiQtsCUpMNYd,pZRcLcxczVaWDVMkJQQm,rmCRDkUhAOIegvqJwDMz,mkBXPJVuecelgvQpoVgj
nGduYbbuVFeTqlPGZpEUUiQtsCUpMNYd,RRVtuLELPHvCXnwawATr,dnWNsNJCzcwWvEDMKgju,TjIPkRIjsBQqfudqPVmQ
nDSbhUKvwuIZAEGEKoxVsZvLlbLlcLeJ,oAVKgHjAiOaFLYQCRcve,GkRRZBCgjHaqkdgvKhJh,uTVKQplxNVMRAZkRzRYU
nDSbhUKvwuIZAEGEKoxVsZvLlbLlcLeJ,attjArxVERRYLUSzeeMl,ChAEusvPMGahClUyBvkT,mtWcmqqTIuSFWjBvJvaX
nDSbhUKvwuIZAEGEKoxVsZvLlbLlcLeJ,bxObNEnBpbMxXoGObALP,OLeDInfGqKfSWhSMecxJ,IDasXQKaieNiYeBqgIis
nDSbhUKvwuIZAEGEKoxVsZvLlbLlcLeJ,ZGLqOOcGuaQahiaiDvjN,zVOAjwagxKpzKdMZawEV,MspRzTuVRiLyIOyDErrp
nDSbhUKvwuIZAEGEKoxVsZvLlbLlcLeJ,ataTidbxdbSrHzLAoXKy,TlMdEZisZEHfToAdvJwH,CXqcpAMSMhIGBATbkHAm
rBjXmPyocriEdkwtgSQDybJODnBIebiG,ejoKBLFvcmxzbXlqrmQj,FraHabVpNKTbCTbmuEHC,xPKltVzrZNXjnRTjOaqE
rBjXmPyocriEdkwtgSQDybJODnBIebiG,ivKruDCdjtJAnPfcMbVv,ErTSzMXNTIdfrUbMTYBQ,VtLhaXnwmNUzjwNzIrJc
rBjXmPyocriEdkwtgSQDybJODnBIebiG,ewdYSAkfIoOvVIUigJkL,QgHHuZEoiDvBFqUcyOHQ,vrUcIEjJKEaysYvDoGoO
rBjXmPyocriEdkwtgSQDybJODnBIebiG,azWiZoXJdYhYZIWNdgyE,hgoCDdwIikXxJLZHMSsU,sngmYDCIaWPuXXefSyIE
rBjXmPyocriEdkwtgSQDybJODnBIebiG,sBSsmBOUrXtZeUIcMyMM,FLgEzqvoiDSLiISAEedM,KZmjMfbpSGDYWrGoyOkY
rOvInZmohUpmEvJxwfyYthaTwAFzelOt,qnzOJlIbwRezHlxHCtCS,FzaMwRvsHqCrcKgraobE,FnbVGGLFInAlHMkQGLKp
rOvInZmohUpmEvJxwfyYthaTwAFzelOt,zsQQUBiHVQapnaagdpdg,jetgXMKkEUbsiepwWCMq,mOxHxvtxUlZeXAgRIfGa
rOvInZmohUpmEvJxwfyYthaTwAFzelOt,ehSIEaFakgWUEqSVooec,dRtJsrywOCqruqUNsCcM,MEapqkwRXCIQkIsPFXAd
rOvInZmohUpmEvJxwfyYthaTwAFzelOt,GNcUzIYviRSgYmjCXWAc,cNXdbYuNmoLXWisYTomi,mydXSNzWrxOsYsAhnSsG
rOvInZmohUpmEvJxwfyYthaTwAFzelOt,imHZLOTQMnQnEsuyrFHA,VSNNzDYqJrswTEBvLLgN,IObizKjaVlaRfQHQBTeq
mWhgAKmKQSyFFOQhEccCpWDfeuQPcmRP,LcqQCezDvfQbPguyQzic,yGsuiTelJhmWIJVicXYm,sxOdbGWqWLvPpWKPKuCl
mWhgAKmKQSyFFOQhEccCpWDfeuQPcmRP,xcvOiNewRJJVBvTCFjlW,uFIUJpGaSeFEGCvAbdVW,rsZJnRSulJrZYKTCqRTn
mWhgAKmKQSyFFOQhEccCpWDfeuQPcmRP,lAVTAVwJczbFlratZasx,iGUiVGKQaiwAfFwUVawH,zhPxjImqEMFfIOJIOcej
mWhgAKmKQSyFFOQhEccCpWDfeuQPcmRP,RGIriepgCUCFVNCcQMkJ,WIjKxsXuiqnPqdRBFdrZ,jkvjtVCFGRSKYrxagQPl
mWhgAKmKQSyFFOQhEccCpWDfeuQPcmRP,ptuFrwqfORkAclqUaKZS,LfYTvuLVBWOvXOMHskvt,KnHCFkbAyptrkorZkDNh
wsAdMEGBTRIOqBajeqzrnPvujHdveNJi,OJyuYDMEiRwAwdYXyGYO,NgIPmNDhSJHeuLWfVzZf,XfvuNflLrfxsFBZepoDp
wsAdMEGBTRIOqBajeqzrnPvujHdveNJi,NsHniloknBdoWBoRnqRk,PmHRGbgpJIvxlPkRaAGE,VlOdpeUWhJDVfMWOovJE
wsAdMEGBTRIOqBajeqzrnPvujHdveNJi,SwfeoyVRiracqXHUzpRl,ZIqVNuTBchnzpmdNzrvw,PWmTADeKLUGvJDmDZRnU
wsAdMEGBTRIOqBajeqzrnPvujHdveNJi,VTtXcOkthtiwJVJrdEvR,StkgphSFahMYheNDhhef,BPnyqMvZCdsreRuhItbN
wsAdMEGBTRIOqBajeqzrnPvujHdveNJi,ttctVSzZBQjjrTfGKzTZ,TLxVXjXFrAzmenIYCgsC,jMUJbRCrVVJQPEgqZwuC
bxdrcUBpFLGTaatYuHkUbIGzzLPnnfNd,OPLhtVYpsXsYmKspBHlx,OHYYIHTiCXvHUbrUOIDA,IIjcaAYWBEGMihyMXdft
bxdrcUBpFLGTaatYuHkUbIGzzLPnnfNd,iYeSVhaxsOrsKQGZJPVk,EVhBIjKBxIZNwbbFXgJV,bDiZQIXtepEEStBIcbyE
bxdrcUBpFLGTaatYuHkUbIGzzLPnnfNd,uimtXgMWQRzXTLpieTAM,YIjyrmwzBfoUkxgaDicV,mLFvTELaUSbOaKivuYXc
bxdrcUBpFLGTaatYuHkUbIGzzLPnnfNd,hhweSdYdXAQFzhYIWfFZ,XymLxBqxLZjvyuzDcKzE,GkIOhhwcWXxevoWNzJXN
bxdrcUBpFLGTaatYuHkUbIGzzLPnnfNd,gCbqtvQUNbgefThzAWaD,FHRwqsGiXrgrmLwekqwJ,qalPQOOcePCxtQvhoCgs
aSPpPkWTOYYZgzxPekpdnKHEkPvUgrPW,OIvRlFBkdwdnVqyepzlB,bkUnFcNSXGBZSIiTHbKV,FRTiWXRvTAVRovDpBbiN
aSPpPkWTOYYZgzxPekpdnKHEkPvUgrPW,CRvxNBkeDKckrIvjJmxF,rJcOapkQxLBeGdtDpUty,iacwPRGAYGWrLFQHTOUY
aSPpPkWTOYYZgzxPekpdnKHEkPvUgrPW,BstrKKgEQvTMAsPdUNEU,hPdqcUyhcDEdFSQUYpzT,ZVrUEaEeCwAqUGKkonTT
aSPpPkWTOYYZgzxPekpdnKHEkPvUgrPW,bjlErcNEynHwEptGsSnf,ACkwcFByLpziybwRyUKO,zdqYllsjMQyWnAdgUMsH
aSPpPkWTOYYZgzxPekpdnKHEkPvUgrPW,sErkkBMoSmzRSQIrXlpw,kFiQCnVvoQUrXJSnPAhJ,xUzjWwtXOXvjGOstLJcm
BpqHeUHKmjvelLNROGVuscHWQhvpTpYB,UAnPlFPRiMXviGleYFai,FJkdEHlUDMSvIKRBbxfD,fZXYuAqSPQrMWbSxRVTa
BpqHeUHKmjvelLNROGVuscHWQhvpTpYB,eQXLamyQGGMewEcIhrtC,hhDqlVdPuhIWANzUlcga,slWsZOwztDSkDPtcpOfD
BpqHeUHKmjvelLNROGVuscHWQhvpTpYB,LyUdZzYdRamohDVnfRZv,bVvUOIDTFgEkXvTOhmBz,CoEkNGEEEiBibllFbsWo
BpqHeUHKmjvelLNROGVuscHWQhvpTpYB,BSKuyvXqmocYjmqPmUFe,qeyuhuxysuzXvCfvrmqY,yCswblyQLFdoaTMVTDoX
BpqHeUHKmjvelLNROGVuscHWQhvpTpYB,QEqKpZFwKAjdBAYtkESC,nkTFAZSCpHMgOIAvJbOa,hARvBSgOKtlrnvVLKVQo
